Track,Type,NAME,RENAME,Tissue,Desc,Bed_file,Bam_file
1,ATAC-seq,A-cerebrum-PK29-1,A-Cortex-PK29,Cortex,,/storage-05/workspace/epi_duck/bed,/path/to/data/Epigenomes/Duck/dedup_bam
2,ATAC-seq,A-PK32-Dnao-2,A-Cortex-PK32,Cortex,,/storage-05/workspace/epi_duck/bed,/path/to/data/Epigenomes/Duck/dedup_bam
3,ATAC-seq,A-cerebellum-pk29-1,A-Cerebellum-PK29,Cerebellum,,/storage-05/workspace/epi_duck/bed,/path/to/data/Epigenomes/Duck/dedup_bam
4,ATAC-seq,A-PK32-XN,A-Cerebellum-PK32,Cerebellum,,/storage-05/workspace/epi_duck/bed,/path/to/data/Epigenomes/Duck/dedup_bam
5,ATAC-seq,A-PK29-XQN-3,A-Hypothalamus-PK29,Hypothalamus,,/storage-05/workspace/epi_duck/bed,/path/to/data/Epigenomes/Duck/dedup_bam
6,ATAC-seq,A-pk32-XQN,A-Hypothalamus-PK32,Hypothalamus,,/storage-05/workspace/epi_duck/bed,/path/to/data/Epigenomes/Duck/dedup_bam
7,ATAC-seq,A-PK1-SWM-1,A-Retina-PK1,Retina,,/storage-05/workspace/epi_duck/bed,/path/to/data/Epigenomes/Duck/dedup_bam
8,ATAC-seq,A-PK29-SWM,A-Retina-PK29,Retina,,/storage-05/workspace/epi_duck/bed,/path/to/data/Epigenomes/Duck/dedup_bam
9,ATAC-seq,A-PK2-CT,A-Pituitary-PK2,Pituitary,,/storage-05/workspace/epi_duck/bed,/path/to/data/Epigenomes/Duck/dedup_bam
10,ATAC-seq,A-pk32-CT-1,A-Pituitary-PK32,Pituitary,,/storage-05/workspace/epi_duck/bed,/path/to/data/Epigenomes/Duck/dedup_bam
11,ATAC-seq,A-PK29-PZHI,A-Adipose-PK29,Adipose,,/storage-05/workspace/epi_duck/bed,/path/to/data/Epigenomes/Duck/dedup_bam
12,ATAC-seq,A-PK2-Pzhi,A-Adipose-PK2,Adipose,,/storage-05/workspace/epi_duck/bed,/path/to/data/Epigenomes/Duck/dedup_bam
13,ATAC-seq,A1-PK29-XJ-3,A-Muscle-PK29,Muscle,,/storage-05/workspace/epi_duck/bed,/path/to/data/Epigenomes/Duck/dedup_bam
14,ATAC-seq,A-PK32-XJ,A-Muscle-PK32,Muscle,,/storage-05/workspace/epi_duck/bed,/path/to/data/Epigenomes/Duck/dedup_bam
15,ATAC-seq,A-PK29-CB,A-Wing-PK29,Wing,,/storage-05/workspace/epi_duck/bed,/path/to/data/Epigenomes/Duck/dedup_bam
16,ATAC-seq,A-PK32-CB,A-Wing-PK32,Wing,,/storage-05/workspace/epi_duck/bed,/path/to/data/Epigenomes/Duck/dedup_bam
17,ATAC-seq,A-PK29-QN2,A-Airsac-PK29,Airsac,,/storage-05/workspace/epi_duck/bed,/path/to/data/Epigenomes/Duck/dedup_bam
18,ATAC-seq,A-PK32-QN-1,A-Airsac-PK32,Airsac,,/storage-05/workspace/epi_duck/bed,/path/to/data/Epigenomes/Duck/dedup_bam
19,ATAC-seq,A-lung-PK29-2,A-Lung-PK29,Lung,,/storage-05/workspace/epi_duck/bed,/path/to/data/Epigenomes/Duck/dedup_bam
20,ATAC-seq,A-PK32-F-1,A-Lung-PK32,Lung,,/storage-05/workspace/epi_duck/bed,/path/to/data/Epigenomes/Duck/dedup_bam
21,ATAC-seq,A-spleen-PK29-1,A-Spleen-PK29,Spleen,,/storage-05/workspace/epi_duck/bed,/path/to/data/Epigenomes/Duck/dedup_bam
22,ATAC-seq,A-PK32-PZa-1,A-Spleen-PK32,Spleen,,/storage-05/workspace/epi_duck/bed,/path/to/data/Epigenomes/Duck/dedup_bam
23,ATAC-seq,A-PK29-XX,A-Thymus-PK29,Thymus,,/storage-05/workspace/epi_duck/bed,/path/to/data/Epigenomes/Duck/dedup_bam
24,ATAC-seq,A-PK32-xx-1,A-Thymus-PK32,Thymus,,/storage-05/workspace/epi_duck/bed,/path/to/data/Epigenomes/Duck/dedup_bam
25,ATAC-seq,A-bursa-fabricius-PK29-2,A-Bursa-PK29,Bursa,,/storage-05/workspace/epi_duck/bed,/path/to/data/Epigenomes/Duck/dedup_bam
26,ATAC-seq,A-PK32-FSN-1,A-Bursa-PK32,Bursa,,/storage-05/workspace/epi_duck/bed,/path/to/data/Epigenomes/Duck/dedup_bam
27,ATAC-seq,A-ZF35-LC,A-Ovary-ZF35,Ovary,,/storage-05/workspace/epi_duck/bed,/path/to/data/Epigenomes/Duck/dedup_bam
28,ATAC-seq,A-ZF36-LC,A-Ovary-ZF36,Ovary,,/storage-05/workspace/epi_duck/bed,/path/to/data/Epigenomes/Duck/dedup_bam
29,ATAC-seq,A-ZF35-PD,A-Magnum-ZF35,Magnum,,/storage-05/workspace/epi_duck/bed,/path/to/data/Epigenomes/Duck/dedup_bam
30,ATAC-seq,A-ZF36-PD,A-Magnum-ZF36,Magnum,,/storage-05/workspace/epi_duck/bed,/path/to/data/Epigenomes/Duck/dedup_bam
31,ATAC-seq,A-ZF35-ZG,A-Uterus-ZF35,Uterus,,/storage-05/workspace/epi_duck/bed,/path/to/data/Epigenomes/Duck/dedup_bam
32,ATAC-seq,A-ZF36-ZG,A-Uterus-ZF36,Uterus,,/storage-05/workspace/epi_duck/bed,/path/to/data/Epigenomes/Duck/dedup_bam
33,ATAC-seq,A-ZF31-GW,A-Testis-ZF31,Testis,,/storage-05/workspace/epi_duck/bed,/path/to/data/Epigenomes/Duck/dedup_bam
34,ATAC-seq,A-ZF32-GW,A-Testis-ZF32,Testis,,/storage-05/workspace/epi_duck/bed,/path/to/data/Epigenomes/Duck/dedup_bam
35,ATAC-seq,A-PK29-XZ,A-Heart-PK29,Heart,,/storage-05/workspace/epi_duck/bed,/path/to/data/Epigenomes/Duck/dedup_bam
36,ATAC-seq,A-PK32-XZ2,A-Heart-PK32,Heart,,/storage-05/workspace/epi_duck/bed,/path/to/data/Epigenomes/Duck/dedup_bam
37,ATAC-seq,A-kidney-PK29-1,A-Kidney-PK29,Kidney,,/storage-05/workspace/epi_duck/bed,/path/to/data/Epigenomes/Duck/dedup_bam
38,ATAC-seq,A-pk32-SZ-1,A-Kidney-PK32,Kidney,,/storage-05/workspace/epi_duck/bed,/path/to/data/Epigenomes/Duck/dedup_bam
39,ATAC-seq,A2-GZ,A-Liver,Liver,,/storage-05/workspace/epi_duck/bed,/path/to/data/Epigenomes/Duck/dedup_bam
40,ATAC-seq,A-PK32-GZ-2,A-Liver-PK32,Liver,,/storage-05/workspace/epi_duck/bed,/path/to/data/Epigenomes/Duck/dedup_bam
41,ATAC-seq,A-PK2-YX,A-Pancreas-PK2,Pancreas,,/storage-05/workspace/epi_duck/bed,/path/to/data/Epigenomes/Duck/dedup_bam
42,ATAC-seq,A-PK32-YX,A-Pancreas-PK32,Pancreas,,/storage-05/workspace/epi_duck/bed,/path/to/data/Epigenomes/Duck/dedup_bam
43,ATAC-seq,A-PK29-JW,A-Gizzard-PK29,Gizzard,,/storage-05/workspace/epi_duck/bed,/path/to/data/Epigenomes/Duck/dedup_bam
44,ATAC-seq,A-PK32-JW,A-Gizzard-PK32,Gizzard,,/storage-05/workspace/epi_duck/bed,/path/to/data/Epigenomes/Duck/dedup_bam
45,ATAC-seq,A-PK29-KC-2,A-Jejunum-PK29,Jejunum,,/storage-05/workspace/epi_duck/bed,/path/to/data/Epigenomes/Duck/dedup_bam
46,ATAC-seq,A-PK32-KC,A-Jejunum-PK32,Jejunum,,/storage-05/workspace/epi_duck/bed,/path/to/data/Epigenomes/Duck/dedup_bam
47,ATAC-seq,A-PK2-MC,A-Cecum-PK2,Cecum,,/storage-05/workspace/epi_duck/bed,/path/to/data/Epigenomes/Duck/dedup_bam
48,ATAC-seq,A-PK32-MC,A-Cecum-PK32,Cecum,,/storage-05/workspace/epi_duck/bed,/path/to/data/Epigenomes/Duck/dedup_bam
49,CUT&TAG,PK32-DNao-H3K4ME3,C-Cortex-H3K4ME3-PK32,Cortex,,/storage-05/workspace/epi_duck/bed,/path/to/data/Epigenomes/Duck/dedup_bam
50,CUT&TAG,PK32-DNao-H3K4ME1,C-Cortex-H3K4ME1-PK32,Cortex,,/storage-05/workspace/epi_duck/bed,/path/to/data/Epigenomes/Duck/dedup_bam
51,CUT&TAG,PK32-DNao-H3K27AC,C-Cortex-H3K27AC-PK32,Cortex,,/storage-05/workspace/epi_duck/bed,/path/to/data/Epigenomes/Duck/dedup_bam
52,CUT&TAG,PK32-DNao-H3K27ME3,C-Cortex-H3K27ME3-PK32,Cortex,,/storage-05/workspace/epi_duck/bed,/path/to/data/Epigenomes/Duck/dedup_bam
53,CUT&TAG,H3K4me3-cerebrum-PK29-1,C-Cortex-H3K4ME3-PK29,Cortex,,/storage-05/workspace/epi_duck/bed,/path/to/data/Epigenomes/Duck/dedup_bam
54,CUT&TAG,H3K4me1-cerebrum-PK29-1,C-Cortex-H3K4ME1-PK29,Cortex,,/storage-05/workspace/epi_duck/bed,/path/to/data/Epigenomes/Duck/dedup_bam
55,CUT&TAG,H3K27ac-cerebrum-PK29-1,C-Cortex-H3K27AC-PK29,Cortex,,/storage-05/workspace/epi_duck/bed,/path/to/data/Epigenomes/Duck/dedup_bam
56,CUT&TAG,H3K27me3-cerebrum-PK29-1,C-Cortex-H3K27ME3-PK29,Cortex,,/storage-05/workspace/epi_duck/bed,/path/to/data/Epigenomes/Duck/dedup_bam
57,CUT&TAG,H3K4me3-cerebellum-pk29-1,C-Cerebellum-H3K4ME3-PK29,Cerebellum,,/storage-05/workspace/epi_duck/bed,/path/to/data/Epigenomes/Duck/dedup_bam
58,CUT&TAG,H3K4me1-cerebellum-pk29-1,C-Cerebellum-H3K4ME1-PK29,Cerebellum,,/storage-05/workspace/epi_duck/bed,/path/to/data/Epigenomes/Duck/dedup_bam
59,CUT&TAG,H3K27ac-cerebellum-pk29-1,C-Cerebellum-H3K27AC-PK29,Cerebellum,,/storage-05/workspace/epi_duck/bed,/path/to/data/Epigenomes/Duck/dedup_bam
60,CUT&TAG,H3K27me3-cerebellum-pk29-1,C-Cerebellum-H3K27ME3-PK29,Cerebellum,,/storage-05/workspace/epi_duck/bed,/path/to/data/Epigenomes/Duck/dedup_bam
61,CUT&TAG,PK32-XN-H3K4ME3,C-Cerebellum-H3K4ME3-PK32,Cerebellum,,/storage-05/workspace/epi_duck/bed,/path/to/data/Epigenomes/Duck/dedup_bam
62,CUT&TAG,PK32-XN-H3K4ME1,C-Cerebellum-H3K4ME1-PK32,Cerebellum,,/storage-05/workspace/epi_duck/bed,/path/to/data/Epigenomes/Duck/dedup_bam
63,CUT&TAG,PK32-XN-H3K27AC,C-Cerebellum-H3K27AC-PK32,Cerebellum,,/storage-05/workspace/epi_duck/bed,/path/to/data/Epigenomes/Duck/dedup_bam
64,CUT&TAG,PK32-XN-H3K27ME3,C-Cerebellum-H3K27ME3-PK32,Cerebellum,,/storage-05/workspace/epi_duck/bed,/path/to/data/Epigenomes/Duck/dedup_bam
65,CUT&TAG,PK29-XQN-H3K4ME3-3,C-Hypothalamus-H3K4ME3-PK29,Hypothalamus,,/storage-05/workspace/epi_duck/bed,/path/to/data/Epigenomes/Duck/dedup_bam
66,CUT&TAG,PK29-XQN-H3K4ME1-3,C-Hypothalamus-H3K4ME1-PK29,Hypothalamus,,/storage-05/workspace/epi_duck/bed,/path/to/data/Epigenomes/Duck/dedup_bam
67,CUT&TAG,PK29-XQN-H3K27AC-3,C-Hypothalamus-H3K27AC-PK29,Hypothalamus,,/storage-05/workspace/epi_duck/bed,/path/to/data/Epigenomes/Duck/dedup_bam
68,CUT&TAG,PK29-XQN--H3K27ME3-3,C-Hypothalamus-H3K27ME3-PK29,Hypothalamus,,/storage-05/workspace/epi_duck/bed,/path/to/data/Epigenomes/Duck/dedup_bam
69,CUT&TAG,PK32-XQN-H3K4ME3,C-Hypothalamus-H3K4ME3-PK32,Hypothalamus,,/storage-05/workspace/epi_duck/bed,/path/to/data/Epigenomes/Duck/dedup_bam
70,CUT&TAG,PK32-XQN-H3K4ME1,C-Hypothalamus-H3K4ME1-PK32,Hypothalamus,,/storage-05/workspace/epi_duck/bed,/path/to/data/Epigenomes/Duck/dedup_bam
71,CUT&TAG,PK32-XQN-H3K27AC,C-Hypothalamus-H3K27AC-PK32,Hypothalamus,,/storage-05/workspace/epi_duck/bed,/path/to/data/Epigenomes/Duck/dedup_bam
72,CUT&TAG,PK32-XQN-H3K27ME3,C-Hypothalamus-H3K27ME3-PK32,Hypothalamus,,/storage-05/workspace/epi_duck/bed,/path/to/data/Epigenomes/Duck/dedup_bam
73,CUT&TAG,PK1-SWM-H3K4ME3,C-Retina-H3K4ME3-PK1,Retina,,/storage-05/workspace/epi_duck/bed,/path/to/data/Epigenomes/Duck/dedup_bam
74,CUT&TAG,PK1-SWM-H3K4ME1,C-Retina-H3K4ME1-PK1,Retina,,/storage-05/workspace/epi_duck/bed,/path/to/data/Epigenomes/Duck/dedup_bam
75,CUT&TAG,PK1-SWM-H3K27AC,C-Retina-H3K27AC-PK1,Retina,,/storage-05/workspace/epi_duck/bed,/path/to/data/Epigenomes/Duck/dedup_bam
76,CUT&TAG,PK1-SWM-H3K27ME3,C-Retina-H3K27ME3-PK1,Retina,,/storage-05/workspace/epi_duck/bed,/path/to/data/Epigenomes/Duck/dedup_bam
77,CUT&TAG,PK2-SWM-H3K4ME3,C-Retina-H3K4ME3-PK2,Retina,,/storage-05/workspace/epi_duck/bed,/path/to/data/Epigenomes/Duck/dedup_bam
78,CUT&TAG,PK2-SWM-H3K4ME1,C-Retina-H3K4ME1-PK2,Retina,,/storage-05/workspace/epi_duck/bed,/path/to/data/Epigenomes/Duck/dedup_bam
79,CUT&TAG,PK2-SWM-H3K27AC,C-Retina-H3K27AC-PK2,Retina,,/storage-05/workspace/epi_duck/bed,/path/to/data/Epigenomes/Duck/dedup_bam
80,CUT&TAG,PK2-SWM-H3K27ME3,C-Retina-H3K27ME3-PK2,Retina,,/storage-05/workspace/epi_duck/bed,/path/to/data/Epigenomes/Duck/dedup_bam
81,CUT&TAG,PK1-CT-H3K4ME3,C-Pituitary-H3K4ME3-PK1,Pituitary,,/storage-05/workspace/epi_duck/bed,/path/to/data/Epigenomes/Duck/dedup_bam
82,CUT&TAG,PK1-CT-H3K4ME1,C-Pituitary-H3K4ME1-PK1,Pituitary,,/storage-05/workspace/epi_duck/bed,/path/to/data/Epigenomes/Duck/dedup_bam
83,CUT&TAG,PK1-CT-H3K27AC,C-Pituitary-H3K27AC-PK1,Pituitary,,/storage-05/workspace/epi_duck/bed,/path/to/data/Epigenomes/Duck/dedup_bam
84,CUT&TAG,PK1-CT-H3K27ME3,C-Pituitary-H3K27ME3-PK1,Pituitary,,/storage-05/workspace/epi_duck/bed,/path/to/data/Epigenomes/Duck/dedup_bam
85,CUT&TAG,PK2-CT-H3K4ME3,C-Pituitary-H3K4ME3-PK2,Pituitary,,/storage-05/workspace/epi_duck/bed,/path/to/data/Epigenomes/Duck/dedup_bam
86,CUT&TAG,PK2-CT-H3K4ME1,C-Pituitary-H3K4ME1-PK2,Pituitary,,/storage-05/workspace/epi_duck/bed,/path/to/data/Epigenomes/Duck/dedup_bam
87,CUT&TAG,PK2-CT-H3K27AC,C-Pituitary-H3K27AC-PK2,Pituitary,,/storage-05/workspace/epi_duck/bed,/path/to/data/Epigenomes/Duck/dedup_bam
88,CUT&TAG,PK2-CT-H3K27ME3,C-Pituitary-H3K27ME3-PK2,Pituitary,,/storage-05/workspace/epi_duck/bed,/path/to/data/Epigenomes/Duck/dedup_bam
89,CUT&TAG,PK2-PZhi-H3K4ME3,C-Adipose-H3K4ME3-PK2,Adipose,,/storage-05/workspace/epi_duck/bed,/path/to/data/Epigenomes/Duck/dedup_bam
90,CUT&TAG,PK2-PZhi-H3K4ME1,C-Adipose-H3K4ME1-PK2,Adipose,,/storage-05/workspace/epi_duck/bed,/path/to/data/Epigenomes/Duck/dedup_bam
91,CUT&TAG,PK2-PZhi-H3K27AC,C-Adipose-H3K27AC-PK2,Adipose,,/storage-05/workspace/epi_duck/bed,/path/to/data/Epigenomes/Duck/dedup_bam
92,CUT&TAG,PK2-PZhi-H3K27ME3,C-Adipose-H3K27ME3-PK2,Adipose,,/storage-05/workspace/epi_duck/bed,/path/to/data/Epigenomes/Duck/dedup_bam
93,CUT&TAG,H3K4me3-subcutaneous-fat-PK29-1,C-Adipose-H3K4ME3-PK29,Adipose,,/storage-05/workspace/epi_duck/bed,/path/to/data/Epigenomes/Duck/dedup_bam
94,CUT&TAG,PK32-PZhi-H3K4ME1,C-Adipose-H3K4ME1-PK32,Adipose,,/storage-05/workspace/epi_duck/bed,/path/to/data/Epigenomes/Duck/dedup_bam
95,CUT&TAG,PK32-PZhi-H3K27AC,C-Adipose-H3K27AC-PK32,Adipose,,/storage-05/workspace/epi_duck/bed,/path/to/data/Epigenomes/Duck/dedup_bam
96,CUT&TAG,PK32-PZhi-H3K27ME3,C-Adipose-H3K27ME3-PK32,Adipose,,/storage-05/workspace/epi_duck/bed,/path/to/data/Epigenomes/Duck/dedup_bam
97,CUT&TAG,PK29-XJ-H3K4ME3,C-Muscle-H3K4ME3-PK29,Muscle,,/storage-05/workspace/epi_duck/bed,/path/to/data/Epigenomes/Duck/dedup_bam
98,CUT&TAG,PK29-XJ-H3K4ME1,C-Muscle-H3K4ME1-PK29,Muscle,,/storage-05/workspace/epi_duck/bed,/path/to/data/Epigenomes/Duck/dedup_bam
99,CUT&TAG,PK29-XJ-H3K27AC,C-Muscle-H3K27AC-PK29,Muscle,,/storage-05/workspace/epi_duck/bed,/path/to/data/Epigenomes/Duck/dedup_bam
100,CUT&TAG,PK29-XJ-H3K27ME3,C-Muscle-H3K27ME3-PK29,Muscle,,/storage-05/workspace/epi_duck/bed,/path/to/data/Epigenomes/Duck/dedup_bam
101,CUT&TAG,PK32-XJ-H3K4ME3,C-Muscle-H3K4ME3-PK32,Muscle,,/storage-05/workspace/epi_duck/bed,/path/to/data/Epigenomes/Duck/dedup_bam
102,CUT&TAG,PK32-XJ-H3K4ME1,C-Muscle-H3K4ME1-PK32,Muscle,,/storage-05/workspace/epi_duck/bed,/path/to/data/Epigenomes/Duck/dedup_bam
103,CUT&TAG,PK32-XJ-H3K27AC,C-Muscle-H3K27AC-PK32,Muscle,,/storage-05/workspace/epi_duck/bed,/path/to/data/Epigenomes/Duck/dedup_bam
104,CUT&TAG,PK32-XJ-H3K27ME3,C-Muscle-H3K27ME3-PK32,Muscle,,/storage-05/workspace/epi_duck/bed,/path/to/data/Epigenomes/Duck/dedup_bam
105,CUT&TAG,PK29-CB-H3K4ME3,C-Wing-H3K4ME3-PK29,Wing,,/storage-05/workspace/epi_duck/bed,/path/to/data/Epigenomes/Duck/dedup_bam
106,CUT&TAG,PK29-CB-H3K4ME1,C-Wing-H3K4ME1-PK29,Wing,,/storage-05/workspace/epi_duck/bed,/path/to/data/Epigenomes/Duck/dedup_bam
107,CUT&TAG,PK29-CB-H3K27AC,C-Wing-H3K27AC-PK29,Wing,,/storage-05/workspace/epi_duck/bed,/path/to/data/Epigenomes/Duck/dedup_bam
108,CUT&TAG,PK29-CB-H3K27ME3,C-Wing-H3K27ME3-PK29,Wing,,/storage-05/workspace/epi_duck/bed,/path/to/data/Epigenomes/Duck/dedup_bam
109,CUT&TAG,PK32-CB-H3K4ME3,C-Wing-H3K4ME3-PK32,Wing,,/storage-05/workspace/epi_duck/bed,/path/to/data/Epigenomes/Duck/dedup_bam
110,CUT&TAG,PK32-CB-H3K4ME1,C-Wing-H3K4ME1-PK32,Wing,,/storage-05/workspace/epi_duck/bed,/path/to/data/Epigenomes/Duck/dedup_bam
111,CUT&TAG,PK32-CB-H3K27AC,C-Wing-H3K27AC-PK32,Wing,,/storage-05/workspace/epi_duck/bed,/path/to/data/Epigenomes/Duck/dedup_bam
112,CUT&TAG,PK32-CB-H3K27ME3,C-Wing-H3K27ME3-PK32,Wing,,/storage-05/workspace/epi_duck/bed,/path/to/data/Epigenomes/Duck/dedup_bam
113,CUT&TAG,PK29-QN-H3K4ME3,C-Airsac-H3K4ME3-PK29,Airsac,,/storage-05/workspace/epi_duck/bed,/path/to/data/Epigenomes/Duck/dedup_bam
114,CUT&TAG,PK29-QN-H3K4ME1,C-Airsac-H3K4ME1-PK29,Airsac,,/storage-05/workspace/epi_duck/bed,/path/to/data/Epigenomes/Duck/dedup_bam
115,CUT&TAG,PK29-QN-H3K27AC,C-Airsac-H3K27AC-PK29,Airsac,,/storage-05/workspace/epi_duck/bed,/path/to/data/Epigenomes/Duck/dedup_bam
116,CUT&TAG,PK29-QN-H3K27ME3,C-Airsac-H3K27ME3-PK29,Airsac,,/storage-05/workspace/epi_duck/bed,/path/to/data/Epigenomes/Duck/dedup_bam
117,CUT&TAG,PK32-QN-H3K4ME3,C-Airsac-H3K4ME3-PK32,Airsac,,/storage-05/workspace/epi_duck/bed,/path/to/data/Epigenomes/Duck/dedup_bam
118,CUT&TAG,PK32-QN-H3K4ME1,C-Airsac-H3K4ME1-PK32,Airsac,,/storage-05/workspace/epi_duck/bed,/path/to/data/Epigenomes/Duck/dedup_bam
119,CUT&TAG,PK32-QN-H3K27AC,C-Airsac-H3K27AC-PK32,Airsac,,/storage-05/workspace/epi_duck/bed,/path/to/data/Epigenomes/Duck/dedup_bam
120,CUT&TAG,PK32-QN-H3K27ME3,C-Airsac-H3K27ME3-PK32,Airsac,,/storage-05/workspace/epi_duck/bed,/path/to/data/Epigenomes/Duck/dedup_bam
121,CUT&TAG,H3K4me3-lung-PK29-1,C-Lung-H3K4ME3-PK29,Lung,,/storage-05/workspace/epi_duck/bed,/path/to/data/Epigenomes/Duck/dedup_bam
122,CUT&TAG,H3K4me1-lung-PK29-1,C-Lung-H3K4ME1-PK29,Lung,,/storage-05/workspace/epi_duck/bed,/path/to/data/Epigenomes/Duck/dedup_bam
123,CUT&TAG,H3K27ac-lung-PK29-1,C-Lung-H3K27AC-PK29,Lung,,/storage-05/workspace/epi_duck/bed,/path/to/data/Epigenomes/Duck/dedup_bam
124,CUT&TAG,H3K27me3-lung-PK29-1,C-Lung-H3K27ME3-PK29,Lung,,/storage-05/workspace/epi_duck/bed,/path/to/data/Epigenomes/Duck/dedup_bam
125,CUT&TAG,PK32-F-H3K4ME3,C-Lung-H3K4ME3-PK32,Lung,,/storage-05/workspace/epi_duck/bed,/path/to/data/Epigenomes/Duck/dedup_bam
126,CUT&TAG,PK32-F-H3K4ME1,C-Lung-H3K4ME1-PK32,Lung,,/storage-05/workspace/epi_duck/bed,/path/to/data/Epigenomes/Duck/dedup_bam
127,CUT&TAG,PK32-F-H3K27AC,C-Lung-H3K27AC-PK32,Lung,,/storage-05/workspace/epi_duck/bed,/path/to/data/Epigenomes/Duck/dedup_bam
128,CUT&TAG,PK32-F-H3K27ME3,C-Lung-H3K27ME3-PK32,Lung,,/storage-05/workspace/epi_duck/bed,/path/to/data/Epigenomes/Duck/dedup_bam
129,CUT&TAG,H3K4me3-spleen-PK29-1,C-Spleen-H3K4ME3-PK29,Spleen,,/storage-05/workspace/epi_duck/bed,/path/to/data/Epigenomes/Duck/dedup_bam
130,CUT&TAG,H3K4me1-spleen-PK29-1,C-Spleen-H3K4ME1-PK29,Spleen,,/storage-05/workspace/epi_duck/bed,/path/to/data/Epigenomes/Duck/dedup_bam
131,CUT&TAG,H3K27ac-spleen-PK29-1,C-Spleen-H3K27AC-PK29,Spleen,,/storage-05/workspace/epi_duck/bed,/path/to/data/Epigenomes/Duck/dedup_bam
132,CUT&TAG,H3K27me3-spleen-PK29-1,C-Spleen-H3K27ME3-PK29,Spleen,,/storage-05/workspace/epi_duck/bed,/path/to/data/Epigenomes/Duck/dedup_bam
133,CUT&TAG,PK32-PZa-H3K4ME3,C-Spleen-H3K4ME3-PK32,Spleen,,/storage-05/workspace/epi_duck/bed,/path/to/data/Epigenomes/Duck/dedup_bam
134,CUT&TAG,PK32-PZa-H3K4ME1,C-Spleen-H3K4ME1-PK32,Spleen,,/storage-05/workspace/epi_duck/bed,/path/to/data/Epigenomes/Duck/dedup_bam
135,CUT&TAG,PK32-PZa-H3K27AC,C-Spleen-H3K27AC-PK32,Spleen,,/storage-05/workspace/epi_duck/bed,/path/to/data/Epigenomes/Duck/dedup_bam
136,CUT&TAG,PK32-PZa-H3K27ME3,C-Spleen-H3K27ME3-PK32,Spleen,,/storage-05/workspace/epi_duck/bed,/path/to/data/Epigenomes/Duck/dedup_bam
137,CUT&TAG,PK29-XX-H3K4ME3,C-Thymus-H3K4ME3-PK29,Thymus,,/storage-05/workspace/epi_duck/bed,/path/to/data/Epigenomes/Duck/dedup_bam
138,CUT&TAG,PK29-XX-H3K4ME1,C-Thymus-H3K4ME1-PK29,Thymus,,/storage-05/workspace/epi_duck/bed,/path/to/data/Epigenomes/Duck/dedup_bam
139,CUT&TAG,PK29-XX-H3K27AC,C-Thymus-H3K27AC-PK29,Thymus,,/storage-05/workspace/epi_duck/bed,/path/to/data/Epigenomes/Duck/dedup_bam
140,CUT&TAG,PK29-XX-H3K27ME3,C-Thymus-H3K27ME3-PK29,Thymus,,/storage-05/workspace/epi_duck/bed,/path/to/data/Epigenomes/Duck/dedup_bam
141,CUT&TAG,PK32-XX-H3K4ME3,C-Thymus-H3K4ME3-PK32,Thymus,,/storage-05/workspace/epi_duck/bed,/path/to/data/Epigenomes/Duck/dedup_bam
142,CUT&TAG,PK32-XX-H3K4ME1,C-Thymus-H3K4ME1-PK32,Thymus,,/storage-05/workspace/epi_duck/bed,/path/to/data/Epigenomes/Duck/dedup_bam
143,CUT&TAG,PK32-XX-H3K27AC,C-Thymus-H3K27AC-PK32,Thymus,,/storage-05/workspace/epi_duck/bed,/path/to/data/Epigenomes/Duck/dedup_bam
144,CUT&TAG,PK32-XX-H3K27ME3,C-Thymus-H3K27ME3-PK32,Thymus,,/storage-05/workspace/epi_duck/bed,/path/to/data/Epigenomes/Duck/dedup_bam
145,CUT&TAG,H3K4me3-bursa-fabricius-PK29-1,C-Bursa-H3K4ME3-PK29,Bursa,,/storage-05/workspace/epi_duck/bed,/path/to/data/Epigenomes/Duck/dedup_bam
146,CUT&TAG,H3K4me1-bursa-fabricius-PK29-1,C-Bursa-H3K4ME1-PK29,Bursa,,/storage-05/workspace/epi_duck/bed,/path/to/data/Epigenomes/Duck/dedup_bam
147,CUT&TAG,H3K27ac-bursa-fabricius-PK29-1,C-Bursa-H3K27AC-PK29,Bursa,,/storage-05/workspace/epi_duck/bed,/path/to/data/Epigenomes/Duck/dedup_bam
148,CUT&TAG,H3K27me3-bursa-fabricius-PK29-1,C-Bursa-H3K27ME3-PK29,Bursa,,/storage-05/workspace/epi_duck/bed,/path/to/data/Epigenomes/Duck/dedup_bam
149,CUT&TAG,PK32-FSN-H3K4ME3,C-Bursa-H3K4ME3-PK32,Bursa,,/storage-05/workspace/epi_duck/bed,/path/to/data/Epigenomes/Duck/dedup_bam
150,CUT&TAG,PK32-FSN-H3K4ME1,C-Bursa-H3K4ME1-PK32,Bursa,,/storage-05/workspace/epi_duck/bed,/path/to/data/Epigenomes/Duck/dedup_bam
151,CUT&TAG,PK32-FSN-H3K27AC,C-Bursa-H3K27AC-PK32,Bursa,,/storage-05/workspace/epi_duck/bed,/path/to/data/Epigenomes/Duck/dedup_bam
152,CUT&TAG,PK32-FSN-H3K27ME3,C-Bursa-H3K27ME3-PK32,Bursa,,/storage-05/workspace/epi_duck/bed,/path/to/data/Epigenomes/Duck/dedup_bam
153,CUT&TAG,ZF35-LC-H3K4ME3,C-Ovary-H3K4ME3-ZF35,Ovary,,/storage-05/workspace/epi_duck/bed,/path/to/data/Epigenomes/Duck/dedup_bam
154,CUT&TAG,ZF35-LC-H3K4ME1,C-Ovary-H3K4ME1-ZF35,Ovary,,/storage-05/workspace/epi_duck/bed,/path/to/data/Epigenomes/Duck/dedup_bam
155,CUT&TAG,ZF35-LC-H3K27AC,C-Ovary-H3K27AC-ZF35,Ovary,,/storage-05/workspace/epi_duck/bed,/path/to/data/Epigenomes/Duck/dedup_bam
156,CUT&TAG,ZF35-LC-H3K27ME3,C-Ovary-H3K27ME3-ZF35,Ovary,,/storage-05/workspace/epi_duck/bed,/path/to/data/Epigenomes/Duck/dedup_bam
157,CUT&TAG,ZF36-LC-H3K4ME3,C-Ovary-H3K4ME3-ZF36,Ovary,,/storage-05/workspace/epi_duck/bed,/path/to/data/Epigenomes/Duck/dedup_bam
158,CUT&TAG,ZF36-LC-H3K4ME1,C-Ovary-H3K4ME1-ZF36,Ovary,,/storage-05/workspace/epi_duck/bed,/path/to/data/Epigenomes/Duck/dedup_bam
159,CUT&TAG,ZF36-LC-H3K27AC,C-Ovary-H3K27AC-ZF36,Ovary,,/storage-05/workspace/epi_duck/bed,/path/to/data/Epigenomes/Duck/dedup_bam
160,CUT&TAG,ZF36-LC--H3K27ME3,C-Ovary-H3K27ME3-ZF36,Ovary,,/storage-05/workspace/epi_duck/bed,/path/to/data/Epigenomes/Duck/dedup_bam
161,CUT&TAG,ZF35-PD-H3K4ME3,C-Magnum-H3K4ME3-ZF35,Magnum,,/storage-05/workspace/epi_duck/bed,/path/to/data/Epigenomes/Duck/dedup_bam
162,CUT&TAG,ZF35-PD-H3K4ME1,C-Magnum-H3K4ME1-ZF35,Magnum,,/storage-05/workspace/epi_duck/bed,/path/to/data/Epigenomes/Duck/dedup_bam
163,CUT&TAG,ZF35-PD-H3K27AC,C-Magnum-H3K27AC-ZF35,Magnum,,/storage-05/workspace/epi_duck/bed,/path/to/data/Epigenomes/Duck/dedup_bam
164,CUT&TAG,ZF35-PD-H3K27ME3,C-Magnum-H3K27ME3-ZF35,Magnum,,/storage-05/workspace/epi_duck/bed,/path/to/data/Epigenomes/Duck/dedup_bam
165,CUT&TAG,ZF36-PD-H3K4ME3,C-Magnum-H3K4ME3-ZF36,Magnum,,/storage-05/workspace/epi_duck/bed,/path/to/data/Epigenomes/Duck/dedup_bam
166,CUT&TAG,ZF36-PD-H3K4ME1,C-Magnum-H3K4ME1-ZF36,Magnum,,/storage-05/workspace/epi_duck/bed,/path/to/data/Epigenomes/Duck/dedup_bam
167,CUT&TAG,ZF36-PD-H3K27AC,C-Magnum-H3K27AC-ZF36,Magnum,,/storage-05/workspace/epi_duck/bed,/path/to/data/Epigenomes/Duck/dedup_bam
168,CUT&TAG,ZF36-PD--H3K27ME3,C-Magnum-H3K27ME3-ZF36,Magnum,,/storage-05/workspace/epi_duck/bed,/path/to/data/Epigenomes/Duck/dedup_bam
169,CUT&TAG,ZF35-ZG-H3K4ME3,C-Uterus-H3K4ME3-ZF35,Uterus,,/storage-05/workspace/epi_duck/bed,/path/to/data/Epigenomes/Duck/dedup_bam
170,CUT&TAG,ZF35-ZG-H3K4ME1,C-Uterus-H3K4ME1-ZF35,Uterus,,/storage-05/workspace/epi_duck/bed,/path/to/data/Epigenomes/Duck/dedup_bam
171,CUT&TAG,ZF35-ZG-H3K27AC,C-Uterus-H3K27AC-ZF35,Uterus,,/storage-05/workspace/epi_duck/bed,/path/to/data/Epigenomes/Duck/dedup_bam
172,CUT&TAG,ZF35-ZG-H3K27ME3,C-Uterus-H3K27ME3-ZF35,Uterus,,/storage-05/workspace/epi_duck/bed,/path/to/data/Epigenomes/Duck/dedup_bam
173,CUT&TAG,ZF36-ZG-H3K4ME3,C-Uterus-H3K4ME3-ZF36,Uterus,,/storage-05/workspace/epi_duck/bed,/path/to/data/Epigenomes/Duck/dedup_bam
174,CUT&TAG,ZF36-ZG-H3K4ME1,C-Uterus-H3K4ME1-ZF36,Uterus,,/storage-05/workspace/epi_duck/bed,/path/to/data/Epigenomes/Duck/dedup_bam
175,CUT&TAG,ZF36-ZG-H3K27AC,C-Uterus-H3K27AC-ZF36,Uterus,,/storage-05/workspace/epi_duck/bed,/path/to/data/Epigenomes/Duck/dedup_bam
176,CUT&TAG,ZF36-ZG--H3K27ME3,C-Uterus-H3K27ME3-ZF36,Uterus,,/storage-05/workspace/epi_duck/bed,/path/to/data/Epigenomes/Duck/dedup_bam
177,CUT&TAG,ZF31-GW-H3K4ME3,C-Testis-H3K4ME3-ZF31,Testis,,/storage-05/workspace/epi_duck/bed,/path/to/data/Epigenomes/Duck/dedup_bam
178,CUT&TAG,ZF31-GW-H3K4ME1,C-Testis-H3K4ME1-ZF31,Testis,,/storage-05/workspace/epi_duck/bed,/path/to/data/Epigenomes/Duck/dedup_bam
179,CUT&TAG,ZF31-GW-H3K27AC,C-Testis-H3K27AC-ZF31,Testis,,/storage-05/workspace/epi_duck/bed,/path/to/data/Epigenomes/Duck/dedup_bam
180,CUT&TAG,ZF31-GW-H3K27ME3,C-Testis-H3K27ME3-ZF31,Testis,,/storage-05/workspace/epi_duck/bed,/path/to/data/Epigenomes/Duck/dedup_bam
181,CUT&TAG,ZF32-GW-H3K4ME3,C-Testis-H3K4ME3-ZF32,Testis,,/storage-05/workspace/epi_duck/bed,/path/to/data/Epigenomes/Duck/dedup_bam
182,CUT&TAG,ZF32-GW-H3K4ME1,C-Testis-H3K4ME1-ZF32,Testis,,/storage-05/workspace/epi_duck/bed,/path/to/data/Epigenomes/Duck/dedup_bam
183,CUT&TAG,ZF32-GW-H3K27AC,C-Testis-H3K27AC-ZF32,Testis,,/storage-05/workspace/epi_duck/bed,/path/to/data/Epigenomes/Duck/dedup_bam
184,CUT&TAG,ZF32-GW-H3K27ME3,C-Testis-H3K27ME3-ZF32,Testis,,/storage-05/workspace/epi_duck/bed,/path/to/data/Epigenomes/Duck/dedup_bam
185,CUT&TAG,PK29-XZ-H3K4ME3-2,C-Heart-H3K4ME3-PK29,Heart,,/storage-05/workspace/epi_duck/bed,/path/to/data/Epigenomes/Duck/dedup_bam
186,CUT&TAG,PK29-XZ-H3K4ME1-2,C-Heart-H3K4ME1-PK29,Heart,,/storage-05/workspace/epi_duck/bed,/path/to/data/Epigenomes/Duck/dedup_bam
187,CUT&TAG,PK29-XZ-H3K27AC-2,C-Heart-H3K27AC-PK29,Heart,,/storage-05/workspace/epi_duck/bed,/path/to/data/Epigenomes/Duck/dedup_bam
188,CUT&TAG,PK29-XZ--H3K27ME3-2,C-Heart-H3K27ME3-PK29,Heart,,/storage-05/workspace/epi_duck/bed,/path/to/data/Epigenomes/Duck/dedup_bam
189,CUT&TAG,PK32-XZ-H3K4ME3,C-Heart-H3K4ME3-PK32,Heart,,/storage-05/workspace/epi_duck/bed,/path/to/data/Epigenomes/Duck/dedup_bam
190,CUT&TAG,PK32-XZ-H3K4ME1,C-Heart-H3K4ME1-PK32,Heart,,/storage-05/workspace/epi_duck/bed,/path/to/data/Epigenomes/Duck/dedup_bam
191,CUT&TAG,PK32-XZ-H3K27AC,C-Heart-H3K27AC-PK32,Heart,,/storage-05/workspace/epi_duck/bed,/path/to/data/Epigenomes/Duck/dedup_bam
192,CUT&TAG,PK32-XZ-H3K27ME3,C-Heart-H3K27ME3-PK32,Heart,,/storage-05/workspace/epi_duck/bed,/path/to/data/Epigenomes/Duck/dedup_bam
193,CUT&TAG,H3K4me3-kidney-PK29-1,C-Kidney-H3K4ME3-PK29,Kidney,,/storage-05/workspace/epi_duck/bed,/path/to/data/Epigenomes/Duck/dedup_bam
194,CUT&TAG,H3K4me1-kidney-PK29-1,C-Kidney-H3K4ME1-PK29,Kidney,,/storage-05/workspace/epi_duck/bed,/path/to/data/Epigenomes/Duck/dedup_bam
195,CUT&TAG,H3K27ac-kidney-PK29-1,C-Kidney-H3K27AC-PK29,Kidney,,/storage-05/workspace/epi_duck/bed,/path/to/data/Epigenomes/Duck/dedup_bam
196,CUT&TAG,H3K27me3-kidney-PK29-1,C-Kidney-H3K27ME3-PK29,Kidney,,/storage-05/workspace/epi_duck/bed,/path/to/data/Epigenomes/Duck/dedup_bam
197,CUT&TAG,PK32-SZ-H3K4ME3,C-Kidney-H3K4ME3-PK32,Kidney,,/storage-05/workspace/epi_duck/bed,/path/to/data/Epigenomes/Duck/dedup_bam
198,CUT&TAG,PK32-SZ-H3K4ME1,C-Kidney-H3K4ME1-PK32,Kidney,,/storage-05/workspace/epi_duck/bed,/path/to/data/Epigenomes/Duck/dedup_bam
199,CUT&TAG,PK32-SZ-H3K27AC,C-Kidney-H3K27AC-PK32,Kidney,,/storage-05/workspace/epi_duck/bed,/path/to/data/Epigenomes/Duck/dedup_bam
200,CUT&TAG,PK32-SZ-H3K27ME3,C-Kidney-H3K27ME3-PK32,Kidney,,/storage-05/workspace/epi_duck/bed,/path/to/data/Epigenomes/Duck/dedup_bam
201,CUT&TAG,C1-H3K4ME3-GZ,C-Liver-H3K4ME3-C1,Liver,,/storage-05/workspace/epi_duck/bed,/path/to/data/Epigenomes/Duck/dedup_bam
202,CUT&TAG,C2-H3K4ME1-GZ,C-Liver-H3K4ME1-C2,Liver,,/storage-05/workspace/epi_duck/bed,/path/to/data/Epigenomes/Duck/dedup_bam
203,CUT&TAG,H3K27ac-liver-B1,C-Liver-H3K27AC-B1,Liver,,/storage-05/workspace/epi_duck/bed,/path/to/data/Epigenomes/Duck/dedup_bam
204,CUT&TAG,C4-H3K27ME3-GZ,C-Liver-H3K27ME3-C4,Liver,,/storage-05/workspace/epi_duck/bed,/path/to/data/Epigenomes/Duck/dedup_bam
205,CUT&TAG,PK32-GZ-H3K4ME3,C-Liver-H3K4ME3-PK32,Liver,,/storage-05/workspace/epi_duck/bed,/path/to/data/Epigenomes/Duck/dedup_bam
206,CUT&TAG,PK32-GZ-H3K4ME1,C-Liver-H3K4ME1-PK32,Liver,,/storage-05/workspace/epi_duck/bed,/path/to/data/Epigenomes/Duck/dedup_bam
207,CUT&TAG,PK32-GZ-H3K27AC,C-Liver-H3K27AC-PK32,Liver,,/storage-05/workspace/epi_duck/bed,/path/to/data/Epigenomes/Duck/dedup_bam
208,CUT&TAG,PK32-GZ-H3K27ME3,C-Liver-H3K27ME3-PK32,Liver,,/storage-05/workspace/epi_duck/bed,/path/to/data/Epigenomes/Duck/dedup_bam
209,CUT&TAG,PK2-YX-H3K4ME3,C-Pancreas-H3K4ME3-PK2,Pancreas,,/storage-05/workspace/epi_duck/bed,/path/to/data/Epigenomes/Duck/dedup_bam
210,CUT&TAG,PK2-YX-H3K4ME1,C-Pancreas-H3K4ME1-PK2,Pancreas,,/storage-05/workspace/epi_duck/bed,/path/to/data/Epigenomes/Duck/dedup_bam
211,CUT&TAG,PK2-YX-H3K27AC,C-Pancreas-H3K27AC-PK2,Pancreas,,/storage-05/workspace/epi_duck/bed,/path/to/data/Epigenomes/Duck/dedup_bam
212,CUT&TAG,PK2-YX-H3K27ME3,C-Pancreas-H3K27ME3-PK2,Pancreas,,/storage-05/workspace/epi_duck/bed,/path/to/data/Epigenomes/Duck/dedup_bam
213,CUT&TAG,PK32-YX-H3K4ME3,C-Pancreas-H3K4ME3-PK32,Pancreas,,/storage-05/workspace/epi_duck/bed,/path/to/data/Epigenomes/Duck/dedup_bam
214,CUT&TAG,PK32-YX-H3K4ME1,C-Pancreas-H3K4ME1-PK32,Pancreas,,/storage-05/workspace/epi_duck/bed,/path/to/data/Epigenomes/Duck/dedup_bam
215,CUT&TAG,PK32-YX-H3K27AC,C-Pancreas-H3K27AC-PK32,Pancreas,,/storage-05/workspace/epi_duck/bed,/path/to/data/Epigenomes/Duck/dedup_bam
216,CUT&TAG,PK32-YX-H3K27ME3,C-Pancreas-H3K27ME3-PK32,Pancreas,,/storage-05/workspace/epi_duck/bed,/path/to/data/Epigenomes/Duck/dedup_bam
217,CUT&TAG,PK29-JW-H3K4ME3,C-Gizzard-H3K4ME3-PK29,Gizzard,,/storage-05/workspace/epi_duck/bed,/path/to/data/Epigenomes/Duck/dedup_bam
218,CUT&TAG,PK29-JW-H3K4ME1,C-Gizzard-H3K4ME1-PK29,Gizzard,,/storage-05/workspace/epi_duck/bed,/path/to/data/Epigenomes/Duck/dedup_bam
219,CUT&TAG,PK29-JW-H3K27AC,C-Gizzard-H3K27AC-PK29,Gizzard,,/storage-05/workspace/epi_duck/bed,/path/to/data/Epigenomes/Duck/dedup_bam
220,CUT&TAG,PK29-JW-H3K27ME3,C-Gizzard-H3K27ME3-PK29,Gizzard,,/storage-05/workspace/epi_duck/bed,/path/to/data/Epigenomes/Duck/dedup_bam
221,CUT&TAG,PK32-JW-H3K4ME3,C-Gizzard-H3K4ME3-PK32,Gizzard,,/storage-05/workspace/epi_duck/bed,/path/to/data/Epigenomes/Duck/dedup_bam
222,CUT&TAG,PK32-JW-H3K4ME1,C-Gizzard-H3K4ME1-PK32,Gizzard,,/storage-05/workspace/epi_duck/bed,/path/to/data/Epigenomes/Duck/dedup_bam
223,CUT&TAG,PK32-JW-H3K27AC,C-Gizzard-H3K27AC-PK32,Gizzard,,/storage-05/workspace/epi_duck/bed,/path/to/data/Epigenomes/Duck/dedup_bam
224,CUT&TAG,PK32-JW-H3K27ME3,C-Gizzard-H3K27ME3-PK32,Gizzard,,/storage-05/workspace/epi_duck/bed,/path/to/data/Epigenomes/Duck/dedup_bam
225,CUT&TAG,PK29-KC-H3K4ME3,C-Jejunum-H3K4ME3-PK29,Jejunum,,/storage-05/workspace/epi_duck/bed,/path/to/data/Epigenomes/Duck/dedup_bam
226,CUT&TAG,PK29-KC-H3K4ME1,C-Jejunum-H3K4ME1-PK29,Jejunum,,/storage-05/workspace/epi_duck/bed,/path/to/data/Epigenomes/Duck/dedup_bam
227,CUT&TAG,PK29-KC-H3K27AC,C-Jejunum-H3K27AC-PK29,Jejunum,,/storage-05/workspace/epi_duck/bed,/path/to/data/Epigenomes/Duck/dedup_bam
228,CUT&TAG,PK29-KC-H3K27ME3,C-Jejunum-H3K27ME3-PK29,Jejunum,,/storage-05/workspace/epi_duck/bed,/path/to/data/Epigenomes/Duck/dedup_bam
229,CUT&TAG,PK32-KC-H3K4ME3,C-Jejunum-H3K4ME3-PK32,Jejunum,,/storage-05/workspace/epi_duck/bed,/path/to/data/Epigenomes/Duck/dedup_bam
230,CUT&TAG,PK32-KC-H3K4ME1,C-Jejunum-H3K4ME1-PK32,Jejunum,,/storage-05/workspace/epi_duck/bed,/path/to/data/Epigenomes/Duck/dedup_bam
231,CUT&TAG,PK32-KC-H3K27AC,C-Jejunum-H3K27AC-PK32,Jejunum,,/storage-05/workspace/epi_duck/bed,/path/to/data/Epigenomes/Duck/dedup_bam
232,CUT&TAG,PK32-KC-H3K27ME3,C-Jejunum-H3K27ME3-PK32,Jejunum,,/storage-05/workspace/epi_duck/bed,/path/to/data/Epigenomes/Duck/dedup_bam
233,CUT&TAG,PK2-MC-H3K4ME3,C-Cecum-H3K4ME3-PK2,Cecum,,/storage-05/workspace/epi_duck/bed,/path/to/data/Epigenomes/Duck/dedup_bam
234,CUT&TAG,PK2-MC-H3K4ME1,C-Cecum-H3K4ME1-PK2,Cecum,,/storage-05/workspace/epi_duck/bed,/path/to/data/Epigenomes/Duck/dedup_bam
235,CUT&TAG,PK2-MC-H3K27AC,C-Cecum-H3K27AC-PK2,Cecum,,/storage-05/workspace/epi_duck/bed,/path/to/data/Epigenomes/Duck/dedup_bam
236,CUT&TAG,PK2-MC-H3K27ME3,C-Cecum-H3K27ME3-PK2,Cecum,,/storage-05/workspace/epi_duck/bed,/path/to/data/Epigenomes/Duck/dedup_bam
237,CUT&TAG,PK32-MC-H3K4ME3,C-Cecum-H3K4ME3-PK32,Cecum,,/storage-05/workspace/epi_duck/bed,/path/to/data/Epigenomes/Duck/dedup_bam
238,CUT&TAG,PK32-MC-H3K4ME1,C-Cecum-H3K4ME1-PK32,Cecum,,/storage-05/workspace/epi_duck/bed,/path/to/data/Epigenomes/Duck/dedup_bam
239,CUT&TAG,PK32-MC-H3K27AC,C-Cecum-H3K27AC-PK32,Cecum,,/storage-05/workspace/epi_duck/bed,/path/to/data/Epigenomes/Duck/dedup_bam
240,CUT&TAG,PK32-MC-H3K27ME3,C-Cecum-H3K27ME3-PK32,Cecum,,/storage-05/workspace/epi_duck/bed,/path/to/data/Epigenomes/Duck/dedup_bam