Track,Type,NAME,RENAME,Tissue,AS_file,Desc
1,ATAC-seq,A-cerebrum-PK29-1,A-Cortex-PK29,Cortex,/path/to/data/Epigenomes/Duck/allele-specific_imbalance/duck_epi_asi/A-Cortex-PK29_AS_significant_final.txt,
2,ATAC-seq,A-PK32-Dnao-2,A-Cortex-PK32,Cortex,/path/to/data/Epigenomes/Duck/allele-specific_imbalance/duck_epi_asi/A-Cortex-PK32_AS_significant_final.txt,
3,ATAC-seq,A-cerebellum-pk29-1,A-Cerebellum-PK29,Cerebellum,/path/to/data/Epigenomes/Duck/allele-specific_imbalance/duck_epi_asi/A-Cerebellum-PK29_AS_significant_final.txt,
4,ATAC-seq,A-PK32-XN,A-Cerebellum-PK32,Cerebellum,/path/to/data/Epigenomes/Duck/allele-specific_imbalance/duck_epi_asi/A-Cerebellum-PK32_AS_significant_final.txt,
5,ATAC-seq,A-PK29-XQN-3,A-Hypothalamus-PK29,Hypothalamus,/path/to/data/Epigenomes/Duck/allele-specific_imbalance/duck_epi_asi/A-Hypothalamus-PK29_AS_significant_final.txt,
6,ATAC-seq,A-pk32-XQN,A-Hypothalamus-PK32,Hypothalamus,/path/to/data/Epigenomes/Duck/allele-specific_imbalance/duck_epi_asi/A-Hypothalamus-PK32_AS_significant_final.txt,
7,ATAC-seq,A-PK1-SWM-1,A-Retina-PK1,Retina,/path/to/data/Epigenomes/Duck/allele-specific_imbalance/duck_epi_asi/A-Retina-PK1_AS_significant_final.txt,
8,ATAC-seq,A-PK29-SWM,A-Retina-PK29,Retina,/path/to/data/Epigenomes/Duck/allele-specific_imbalance/duck_epi_asi/A-Retina-PK29_AS_significant_final.txt,
9,ATAC-seq,A-PK2-CT,A-Pituitary-PK2,Pituitary,/path/to/data/Epigenomes/Duck/allele-specific_imbalance/duck_epi_asi/A-Pituitary-PK2_AS_significant_final.txt,
10,ATAC-seq,A-pk32-CT-1,A-Pituitary-PK32,Pituitary,/path/to/data/Epigenomes/Duck/allele-specific_imbalance/duck_epi_asi/A-Pituitary-PK32_AS_significant_final.txt,
11,ATAC-seq,A-PK29-PZHI,A-Adipose-PK29,Adipose,/path/to/data/Epigenomes/Duck/allele-specific_imbalance/duck_epi_asi/A-Adipose-PK29_AS_significant_final.txt,
12,ATAC-seq,A-PK2-Pzhi,A-Adipose-PK2,Adipose,/path/to/data/Epigenomes/Duck/allele-specific_imbalance/duck_epi_asi/A-Adipose-PK2_AS_significant_final.txt,
13,ATAC-seq,A1-PK29-XJ-3,A-Muscle-PK29,Muscle,/path/to/data/Epigenomes/Duck/allele-specific_imbalance/duck_epi_asi/A-Muscle-PK29_AS_significant_final.txt,
14,ATAC-seq,A-PK32-XJ,A-Muscle-PK32,Muscle,/path/to/data/Epigenomes/Duck/allele-specific_imbalance/duck_epi_asi/A-Muscle-PK32_AS_significant_final.txt,
15,ATAC-seq,A-PK29-CB,A-Wing-PK29,Wing,/path/to/data/Epigenomes/Duck/allele-specific_imbalance/duck_epi_asi/A-Wing-PK29_AS_significant_final.txt,
16,ATAC-seq,A-PK32-CB,A-Wing-PK32,Wing,/path/to/data/Epigenomes/Duck/allele-specific_imbalance/duck_epi_asi/A-Wing-PK32_AS_significant_final.txt,
17,ATAC-seq,A-PK29-QN2,A-Airsac-PK29,Airsac,/path/to/data/Epigenomes/Duck/allele-specific_imbalance/duck_epi_asi/A-Airsac-PK29_AS_significant_final.txt,
18,ATAC-seq,A-PK32-QN-1,A-Airsac-PK32,Airsac,/path/to/data/Epigenomes/Duck/allele-specific_imbalance/duck_epi_asi/A-Airsac-PK32_AS_significant_final.txt,
19,ATAC-seq,A-lung-PK29-2,A-Lung-PK29,Lung,/path/to/data/Epigenomes/Duck/allele-specific_imbalance/duck_epi_asi/A-Lung-PK29_AS_significant_final.txt,
20,ATAC-seq,A-PK32-F-1,A-Lung-PK32,Lung,/path/to/data/Epigenomes/Duck/allele-specific_imbalance/duck_epi_asi/A-Lung-PK32_AS_significant_final.txt,
21,ATAC-seq,A-spleen-PK29-1,A-Spleen-PK29,Spleen,/path/to/data/Epigenomes/Duck/allele-specific_imbalance/duck_epi_asi/A-Spleen-PK29_AS_significant_final.txt,
22,ATAC-seq,A-PK32-PZa-1,A-Spleen-PK32,Spleen,/path/to/data/Epigenomes/Duck/allele-specific_imbalance/duck_epi_asi/A-Spleen-PK32_AS_significant_final.txt,
23,ATAC-seq,A-PK29-XX,A-Thymus-PK29,Thymus,/path/to/data/Epigenomes/Duck/allele-specific_imbalance/duck_epi_asi/A-Thymus-PK29_AS_significant_final.txt,
24,ATAC-seq,A-PK32-xx-1,A-Thymus-PK32,Thymus,/path/to/data/Epigenomes/Duck/allele-specific_imbalance/duck_epi_asi/A-Thymus-PK32_AS_significant_final.txt,
25,ATAC-seq,A-bursa-fabricius-PK29-2,A-Bursa-PK29,Bursa,/path/to/data/Epigenomes/Duck/allele-specific_imbalance/duck_epi_asi/A-Bursa-PK29_AS_significant_final.txt,
26,ATAC-seq,A-PK32-FSN-1,A-Bursa-PK32,Bursa,/path/to/data/Epigenomes/Duck/allele-specific_imbalance/duck_epi_asi/A-Bursa-PK32_AS_significant_final.txt,
27,ATAC-seq,A-ZF35-LC,A-Ovary-ZF35,Ovary,/path/to/data/Epigenomes/Duck/allele-specific_imbalance/duck_epi_asi/A-Ovary-ZF35_AS_significant_final.txt,
28,ATAC-seq,A-ZF36-LC,A-Ovary-ZF36,Ovary,/path/to/data/Epigenomes/Duck/allele-specific_imbalance/duck_epi_asi/A-Ovary-ZF36_AS_significant_final.txt,
29,ATAC-seq,A-ZF35-PD,A-Magnum-ZF35,Magnum,/path/to/data/Epigenomes/Duck/allele-specific_imbalance/duck_epi_asi/A-Magnum-ZF35_AS_significant_final.txt,
30,ATAC-seq,A-ZF36-PD,A-Magnum-ZF36,Magnum,/path/to/data/Epigenomes/Duck/allele-specific_imbalance/duck_epi_asi/A-Magnum-ZF36_AS_significant_final.txt,
31,ATAC-seq,A-ZF35-ZG,A-Uterus-ZF35,Uterus,/path/to/data/Epigenomes/Duck/allele-specific_imbalance/duck_epi_asi/A-Uterus-ZF35_AS_significant_final.txt,
32,ATAC-seq,A-ZF36-ZG,A-Uterus-ZF36,Uterus,/path/to/data/Epigenomes/Duck/allele-specific_imbalance/duck_epi_asi/A-Uterus-ZF36_AS_significant_final.txt,
33,ATAC-seq,A-ZF31-GW,A-Testis-ZF31,Testis,/path/to/data/Epigenomes/Duck/allele-specific_imbalance/duck_epi_asi/A-Testis-ZF31_AS_significant_final.txt,
34,ATAC-seq,A-ZF32-GW,A-Testis-ZF32,Testis,/path/to/data/Epigenomes/Duck/allele-specific_imbalance/duck_epi_asi/A-Testis-ZF32_AS_significant_final.txt,
35,ATAC-seq,A-PK29-XZ,A-Heart-PK29,Heart,/path/to/data/Epigenomes/Duck/allele-specific_imbalance/duck_epi_asi/A-Heart-PK29_AS_significant_final.txt,
36,ATAC-seq,A-PK32-XZ2,A-Heart-PK32,Heart,/path/to/data/Epigenomes/Duck/allele-specific_imbalance/duck_epi_asi/A-Heart-PK32_AS_significant_final.txt,
37,ATAC-seq,A-kidney-PK29-1,A-Kidney-PK29,Kidney,/path/to/data/Epigenomes/Duck/allele-specific_imbalance/duck_epi_asi/A-Kidney-PK29_AS_significant_final.txt,
38,ATAC-seq,A-pk32-SZ-1,A-Kidney-PK32,Kidney,/path/to/data/Epigenomes/Duck/allele-specific_imbalance/duck_epi_asi/A-Kidney-PK32_AS_significant_final.txt,
39,ATAC-seq,A2-GZ,A-Liver,Liver,/path/to/data/Epigenomes/Duck/allele-specific_imbalance/duck_epi_asi/A-Liver_AS_significant_final.txt,
40,ATAC-seq,A-PK32-GZ-2,A-Liver-PK32,Liver,/path/to/data/Epigenomes/Duck/allele-specific_imbalance/duck_epi_asi/A-Liver-PK32_AS_significant_final.txt,
41,ATAC-seq,A-PK2-YX,A-Pancreas-PK2,Pancreas,/path/to/data/Epigenomes/Duck/allele-specific_imbalance/duck_epi_asi/A-Pancreas-PK2_AS_significant_final.txt,
42,ATAC-seq,A-PK32-YX,A-Pancreas-PK32,Pancreas,/path/to/data/Epigenomes/Duck/allele-specific_imbalance/duck_epi_asi/A-Pancreas-PK32_AS_significant_final.txt,
43,ATAC-seq,A-PK29-JW,A-Gizzard-PK29,Gizzard,/path/to/data/Epigenomes/Duck/allele-specific_imbalance/duck_epi_asi/A-Gizzard-PK29_AS_significant_final.txt,
44,ATAC-seq,A-PK32-JW,A-Gizzard-PK32,Gizzard,/path/to/data/Epigenomes/Duck/allele-specific_imbalance/duck_epi_asi/A-Gizzard-PK32_AS_significant_final.txt,
45,ATAC-seq,A-PK29-KC-2,A-Jejunum-PK29,Jejunum,/path/to/data/Epigenomes/Duck/allele-specific_imbalance/duck_epi_asi/A-Jejunum-PK29_AS_significant_final.txt,
46,ATAC-seq,A-PK32-KC,A-Jejunum-PK32,Jejunum,/path/to/data/Epigenomes/Duck/allele-specific_imbalance/duck_epi_asi/A-Jejunum-PK32_AS_significant_final.txt,
47,ATAC-seq,A-PK2-MC,A-Cecum-PK2,Cecum,/path/to/data/Epigenomes/Duck/allele-specific_imbalance/duck_epi_asi/A-Cecum-PK2_AS_significant_final.txt,
48,ATAC-seq,A-PK32-MC,A-Cecum-PK32,Cecum,/path/to/data/Epigenomes/Duck/allele-specific_imbalance/duck_epi_asi/A-Cecum-PK32_AS_significant_final.txt,
49,CUT&TAG,PK32-DNao-H3K4ME3,C-Cortex-H3K4ME3-PK32,Cortex,/path/to/data/Epigenomes/Duck/allele-specific_imbalance/duck_epi_asi/C-Cortex-H3K4ME3-PK32_AS_significant_final.txt,
50,CUT&TAG,PK32-DNao-H3K4ME1,C-Cortex-H3K4ME1-PK32,Cortex,/path/to/data/Epigenomes/Duck/allele-specific_imbalance/duck_epi_asi/C-Cortex-H3K4ME1-PK32_AS_significant_final.txt,
51,CUT&TAG,PK32-DNao-H3K27AC,C-Cortex-H3K27AC-PK32,Cortex,/path/to/data/Epigenomes/Duck/allele-specific_imbalance/duck_epi_asi/C-Cortex-H3K27AC-PK32_AS_significant_final.txt,
52,CUT&TAG,PK32-DNao-H3K27ME3,C-Cortex-H3K27ME3-PK32,Cortex,/path/to/data/Epigenomes/Duck/allele-specific_imbalance/duck_epi_asi/C-Cortex-H3K27ME3-PK32_AS_significant_final.txt,
53,CUT&TAG,H3K4me3-cerebrum-PK29-1,C-Cortex-H3K4ME3-PK29,Cortex,/path/to/data/Epigenomes/Duck/allele-specific_imbalance/duck_epi_asi/C-Cortex-H3K4ME3-PK29_AS_significant_final.txt,
54,CUT&TAG,H3K4me1-cerebrum-PK29-1,C-Cortex-H3K4ME1-PK29,Cortex,/path/to/data/Epigenomes/Duck/allele-specific_imbalance/duck_epi_asi/C-Cortex-H3K4ME1-PK29_AS_significant_final.txt,
55,CUT&TAG,H3K27ac-cerebrum-PK29-1,C-Cortex-H3K27AC-PK29,Cortex,/path/to/data/Epigenomes/Duck/allele-specific_imbalance/duck_epi_asi/C-Cortex-H3K27AC-PK29_AS_significant_final.txt,
56,CUT&TAG,H3K27me3-cerebrum-PK29-1,C-Cortex-H3K27ME3-PK29,Cortex,/path/to/data/Epigenomes/Duck/allele-specific_imbalance/duck_epi_asi/C-Cortex-H3K27ME3-PK29_AS_significant_final.txt,
57,CUT&TAG,H3K4me3-cerebellum-pk29-1,C-Cerebellum-H3K4ME3-PK29,Cerebellum,/path/to/data/Epigenomes/Duck/allele-specific_imbalance/duck_epi_asi/C-Cerebellum-H3K4ME3-PK29_AS_significant_final.txt,
58,CUT&TAG,H3K4me1-cerebellum-pk29-1,C-Cerebellum-H3K4ME1-PK29,Cerebellum,/path/to/data/Epigenomes/Duck/allele-specific_imbalance/duck_epi_asi/C-Cerebellum-H3K4ME1-PK29_AS_significant_final.txt,
59,CUT&TAG,H3K27ac-cerebellum-pk29-1,C-Cerebellum-H3K27AC-PK29,Cerebellum,/path/to/data/Epigenomes/Duck/allele-specific_imbalance/duck_epi_asi/C-Cerebellum-H3K27AC-PK29_AS_significant_final.txt,
60,CUT&TAG,H3K27me3-cerebellum-pk29-1,C-Cerebellum-H3K27ME3-PK29,Cerebellum,/path/to/data/Epigenomes/Duck/allele-specific_imbalance/duck_epi_asi/C-Cerebellum-H3K27ME3-PK29_AS_significant_final.txt,
61,CUT&TAG,PK32-XN-H3K4ME3,C-Cerebellum-H3K4ME3-PK32,Cerebellum,/path/to/data/Epigenomes/Duck/allele-specific_imbalance/duck_epi_asi/C-Cerebellum-H3K4ME3-PK32_AS_significant_final.txt,
62,CUT&TAG,PK32-XN-H3K4ME1,C-Cerebellum-H3K4ME1-PK32,Cerebellum,/path/to/data/Epigenomes/Duck/allele-specific_imbalance/duck_epi_asi/C-Cerebellum-H3K4ME1-PK32_AS_significant_final.txt,
63,CUT&TAG,PK32-XN-H3K27AC,C-Cerebellum-H3K27AC-PK32,Cerebellum,/path/to/data/Epigenomes/Duck/allele-specific_imbalance/duck_epi_asi/C-Cerebellum-H3K27AC-PK32_AS_significant_final.txt,
64,CUT&TAG,PK32-XN-H3K27ME3,C-Cerebellum-H3K27ME3-PK32,Cerebellum,/path/to/data/Epigenomes/Duck/allele-specific_imbalance/duck_epi_asi/C-Cerebellum-H3K27ME3-PK32_AS_significant_final.txt,
65,CUT&TAG,PK29-XQN-H3K4ME3-3,C-Hypothalamus-H3K4ME3-PK29,Hypothalamus,/path/to/data/Epigenomes/Duck/allele-specific_imbalance/duck_epi_asi/C-Hypothalamus-H3K4ME3-PK29_AS_significant_final.txt,
66,CUT&TAG,PK29-XQN-H3K4ME1-3,C-Hypothalamus-H3K4ME1-PK29,Hypothalamus,/path/to/data/Epigenomes/Duck/allele-specific_imbalance/duck_epi_asi/C-Hypothalamus-H3K4ME1-PK29_AS_significant_final.txt,
67,CUT&TAG,PK29-XQN-H3K27AC-3,C-Hypothalamus-H3K27AC-PK29,Hypothalamus,/path/to/data/Epigenomes/Duck/allele-specific_imbalance/duck_epi_asi/C-Hypothalamus-H3K27AC-PK29_AS_significant_final.txt,
68,CUT&TAG,PK29-XQN--H3K27ME3-3,C-Hypothalamus-H3K27ME3-PK29,Hypothalamus,/path/to/data/Epigenomes/Duck/allele-specific_imbalance/duck_epi_asi/C-Hypothalamus-H3K27ME3-PK29_AS_significant_final.txt,
69,CUT&TAG,PK32-XQN-H3K4ME3,C-Hypothalamus-H3K4ME3-PK32,Hypothalamus,/path/to/data/Epigenomes/Duck/allele-specific_imbalance/duck_epi_asi/C-Hypothalamus-H3K4ME3-PK32_AS_significant_final.txt,
70,CUT&TAG,PK32-XQN-H3K4ME1,C-Hypothalamus-H3K4ME1-PK32,Hypothalamus,/path/to/data/Epigenomes/Duck/allele-specific_imbalance/duck_epi_asi/C-Hypothalamus-H3K4ME1-PK32_AS_significant_final.txt,
71,CUT&TAG,PK32-XQN-H3K27AC,C-Hypothalamus-H3K27AC-PK32,Hypothalamus,/path/to/data/Epigenomes/Duck/allele-specific_imbalance/duck_epi_asi/C-Hypothalamus-H3K27AC-PK32_AS_significant_final.txt,
72,CUT&TAG,PK32-XQN-H3K27ME3,C-Hypothalamus-H3K27ME3-PK32,Hypothalamus,/path/to/data/Epigenomes/Duck/allele-specific_imbalance/duck_epi_asi/C-Hypothalamus-H3K27ME3-PK32_AS_significant_final.txt,
73,CUT&TAG,PK1-SWM-H3K4ME3,C-Retina-H3K4ME3-PK1,Retina,/path/to/data/Epigenomes/Duck/allele-specific_imbalance/duck_epi_asi/C-Retina-H3K4ME3-PK1_AS_significant_final.txt,
74,CUT&TAG,PK1-SWM-H3K4ME1,C-Retina-H3K4ME1-PK1,Retina,/path/to/data/Epigenomes/Duck/allele-specific_imbalance/duck_epi_asi/C-Retina-H3K4ME1-PK1_AS_significant_final.txt,
75,CUT&TAG,PK1-SWM-H3K27AC,C-Retina-H3K27AC-PK1,Retina,/path/to/data/Epigenomes/Duck/allele-specific_imbalance/duck_epi_asi/C-Retina-H3K27AC-PK1_AS_significant_final.txt,
76,CUT&TAG,PK1-SWM-H3K27ME3,C-Retina-H3K27ME3-PK1,Retina,/path/to/data/Epigenomes/Duck/allele-specific_imbalance/duck_epi_asi/C-Retina-H3K27ME3-PK1_AS_significant_final.txt,
77,CUT&TAG,PK2-SWM-H3K4ME3,C-Retina-H3K4ME3-PK2,Retina,/path/to/data/Epigenomes/Duck/allele-specific_imbalance/duck_epi_asi/C-Retina-H3K4ME3-PK2_AS_significant_final.txt,
78,CUT&TAG,PK2-SWM-H3K4ME1,C-Retina-H3K4ME1-PK2,Retina,/path/to/data/Epigenomes/Duck/allele-specific_imbalance/duck_epi_asi/C-Retina-H3K4ME1-PK2_AS_significant_final.txt,
79,CUT&TAG,PK2-SWM-H3K27AC,C-Retina-H3K27AC-PK2,Retina,/path/to/data/Epigenomes/Duck/allele-specific_imbalance/duck_epi_asi/C-Retina-H3K27AC-PK2_AS_significant_final.txt,
80,CUT&TAG,PK2-SWM-H3K27ME3,C-Retina-H3K27ME3-PK2,Retina,/path/to/data/Epigenomes/Duck/allele-specific_imbalance/duck_epi_asi/C-Retina-H3K27ME3-PK2_AS_significant_final.txt,
81,CUT&TAG,PK1-CT-H3K4ME3,C-Pituitary-H3K4ME3-PK1,Pituitary,/path/to/data/Epigenomes/Duck/allele-specific_imbalance/duck_epi_asi/C-Pituitary-H3K4ME3-PK1_AS_significant_final.txt,
82,CUT&TAG,PK1-CT-H3K4ME1,C-Pituitary-H3K4ME1-PK1,Pituitary,/path/to/data/Epigenomes/Duck/allele-specific_imbalance/duck_epi_asi/C-Pituitary-H3K4ME1-PK1_AS_significant_final.txt,
83,CUT&TAG,PK1-CT-H3K27AC,C-Pituitary-H3K27AC-PK1,Pituitary,/path/to/data/Epigenomes/Duck/allele-specific_imbalance/duck_epi_asi/C-Pituitary-H3K27AC-PK1_AS_significant_final.txt,
84,CUT&TAG,PK1-CT-H3K27ME3,C-Pituitary-H3K27ME3-PK1,Pituitary,/path/to/data/Epigenomes/Duck/allele-specific_imbalance/duck_epi_asi/C-Pituitary-H3K27ME3-PK1_AS_significant_final.txt,
85,CUT&TAG,PK2-CT-H3K4ME3,C-Pituitary-H3K4ME3-PK2,Pituitary,/path/to/data/Epigenomes/Duck/allele-specific_imbalance/duck_epi_asi/C-Pituitary-H3K4ME3-PK2_AS_significant_final.txt,
86,CUT&TAG,PK2-CT-H3K4ME1,C-Pituitary-H3K4ME1-PK2,Pituitary,/path/to/data/Epigenomes/Duck/allele-specific_imbalance/duck_epi_asi/C-Pituitary-H3K4ME1-PK2_AS_significant_final.txt,
87,CUT&TAG,PK2-CT-H3K27AC,C-Pituitary-H3K27AC-PK2,Pituitary,/path/to/data/Epigenomes/Duck/allele-specific_imbalance/duck_epi_asi/C-Pituitary-H3K27AC-PK2_AS_significant_final.txt,
88,CUT&TAG,PK2-CT-H3K27ME3,C-Pituitary-H3K27ME3-PK2,Pituitary,/path/to/data/Epigenomes/Duck/allele-specific_imbalance/duck_epi_asi/C-Pituitary-H3K27ME3-PK2_AS_significant_final.txt,
89,CUT&TAG,PK2-PZhi-H3K4ME3,C-Adipose-H3K4ME3-PK2,Adipose,/path/to/data/Epigenomes/Duck/allele-specific_imbalance/duck_epi_asi/C-Adipose-H3K4ME3-PK2_AS_significant_final.txt,
90,CUT&TAG,PK2-PZhi-H3K4ME1,C-Adipose-H3K4ME1-PK2,Adipose,/path/to/data/Epigenomes/Duck/allele-specific_imbalance/duck_epi_asi/C-Adipose-H3K4ME1-PK2_AS_significant_final.txt,
91,CUT&TAG,PK2-PZhi-H3K27AC,C-Adipose-H3K27AC-PK2,Adipose,/path/to/data/Epigenomes/Duck/allele-specific_imbalance/duck_epi_asi/C-Adipose-H3K27AC-PK2_AS_significant_final.txt,
92,CUT&TAG,PK2-PZhi-H3K27ME3,C-Adipose-H3K27ME3-PK2,Adipose,/path/to/data/Epigenomes/Duck/allele-specific_imbalance/duck_epi_asi/C-Adipose-H3K27ME3-PK2_AS_significant_final.txt,
93,CUT&TAG,H3K4me3-subcutaneous-fat-PK29-1,C-Adipose-H3K4ME3-PK29,Adipose,/path/to/data/Epigenomes/Duck/allele-specific_imbalance/duck_epi_asi/C-Adipose-H3K4ME3-PK29_AS_significant_final.txt,
94,CUT&TAG,PK32-PZhi-H3K4ME1,C-Adipose-H3K4ME1-PK32,Adipose,/path/to/data/Epigenomes/Duck/allele-specific_imbalance/duck_epi_asi/C-Adipose-H3K4ME1-PK32_AS_significant_final.txt,
95,CUT&TAG,PK32-PZhi-H3K27AC,C-Adipose-H3K27AC-PK32,Adipose,/path/to/data/Epigenomes/Duck/allele-specific_imbalance/duck_epi_asi/C-Adipose-H3K27AC-PK32_AS_significant_final.txt,
96,CUT&TAG,PK32-PZhi-H3K27ME3,C-Adipose-H3K27ME3-PK32,Adipose,/path/to/data/Epigenomes/Duck/allele-specific_imbalance/duck_epi_asi/C-Adipose-H3K27ME3-PK32_AS_significant_final.txt,
97,CUT&TAG,PK29-XJ-H3K4ME3,C-Muscle-H3K4ME3-PK29,Muscle,/path/to/data/Epigenomes/Duck/allele-specific_imbalance/duck_epi_asi/C-Muscle-H3K4ME3-PK29_AS_significant_final.txt,
98,CUT&TAG,PK29-XJ-H3K4ME1,C-Muscle-H3K4ME1-PK29,Muscle,/path/to/data/Epigenomes/Duck/allele-specific_imbalance/duck_epi_asi/C-Muscle-H3K4ME1-PK29_AS_significant_final.txt,
99,CUT&TAG,PK29-XJ-H3K27AC,C-Muscle-H3K27AC-PK29,Muscle,/path/to/data/Epigenomes/Duck/allele-specific_imbalance/duck_epi_asi/C-Muscle-H3K27AC-PK29_AS_significant_final.txt,
100,CUT&TAG,PK29-XJ-H3K27ME3,C-Muscle-H3K27ME3-PK29,Muscle,/path/to/data/Epigenomes/Duck/allele-specific_imbalance/duck_epi_asi/C-Muscle-H3K27ME3-PK29_AS_significant_final.txt,
101,CUT&TAG,PK32-XJ-H3K4ME3,C-Muscle-H3K4ME3-PK32,Muscle,/path/to/data/Epigenomes/Duck/allele-specific_imbalance/duck_epi_asi/C-Muscle-H3K4ME3-PK32_AS_significant_final.txt,
102,CUT&TAG,PK32-XJ-H3K4ME1,C-Muscle-H3K4ME1-PK32,Muscle,/path/to/data/Epigenomes/Duck/allele-specific_imbalance/duck_epi_asi/C-Muscle-H3K4ME1-PK32_AS_significant_final.txt,
103,CUT&TAG,PK32-XJ-H3K27AC,C-Muscle-H3K27AC-PK32,Muscle,/path/to/data/Epigenomes/Duck/allele-specific_imbalance/duck_epi_asi/C-Muscle-H3K27AC-PK32_AS_significant_final.txt,
104,CUT&TAG,PK32-XJ-H3K27ME3,C-Muscle-H3K27ME3-PK32,Muscle,/path/to/data/Epigenomes/Duck/allele-specific_imbalance/duck_epi_asi/C-Muscle-H3K27ME3-PK32_AS_significant_final.txt,
105,CUT&TAG,PK29-CB-H3K4ME3,C-Wing-H3K4ME3-PK29,Wing,/path/to/data/Epigenomes/Duck/allele-specific_imbalance/duck_epi_asi/C-Wing-H3K4ME3-PK29_AS_significant_final.txt,
106,CUT&TAG,PK29-CB-H3K4ME1,C-Wing-H3K4ME1-PK29,Wing,/path/to/data/Epigenomes/Duck/allele-specific_imbalance/duck_epi_asi/C-Wing-H3K4ME1-PK29_AS_significant_final.txt,
107,CUT&TAG,PK29-CB-H3K27AC,C-Wing-H3K27AC-PK29,Wing,/path/to/data/Epigenomes/Duck/allele-specific_imbalance/duck_epi_asi/C-Wing-H3K27AC-PK29_AS_significant_final.txt,
108,CUT&TAG,PK29-CB-H3K27ME3,C-Wing-H3K27ME3-PK29,Wing,/path/to/data/Epigenomes/Duck/allele-specific_imbalance/duck_epi_asi/C-Wing-H3K27ME3-PK29_AS_significant_final.txt,
109,CUT&TAG,PK32-CB-H3K4ME3,C-Wing-H3K4ME3-PK32,Wing,/path/to/data/Epigenomes/Duck/allele-specific_imbalance/duck_epi_asi/C-Wing-H3K4ME3-PK32_AS_significant_final.txt,
110,CUT&TAG,PK32-CB-H3K4ME1,C-Wing-H3K4ME1-PK32,Wing,/path/to/data/Epigenomes/Duck/allele-specific_imbalance/duck_epi_asi/C-Wing-H3K4ME1-PK32_AS_significant_final.txt,
111,CUT&TAG,PK32-CB-H3K27AC,C-Wing-H3K27AC-PK32,Wing,/path/to/data/Epigenomes/Duck/allele-specific_imbalance/duck_epi_asi/C-Wing-H3K27AC-PK32_AS_significant_final.txt,
112,CUT&TAG,PK32-CB-H3K27ME3,C-Wing-H3K27ME3-PK32,Wing,/path/to/data/Epigenomes/Duck/allele-specific_imbalance/duck_epi_asi/C-Wing-H3K27ME3-PK32_AS_significant_final.txt,
113,CUT&TAG,PK29-QN-H3K4ME3,C-Airsac-H3K4ME3-PK29,Airsac,/path/to/data/Epigenomes/Duck/allele-specific_imbalance/duck_epi_asi/C-Airsac-H3K4ME3-PK29_AS_significant_final.txt,
114,CUT&TAG,PK29-QN-H3K4ME1,C-Airsac-H3K4ME1-PK29,Airsac,/path/to/data/Epigenomes/Duck/allele-specific_imbalance/duck_epi_asi/C-Airsac-H3K4ME1-PK29_AS_significant_final.txt,
115,CUT&TAG,PK29-QN-H3K27AC,C-Airsac-H3K27AC-PK29,Airsac,/path/to/data/Epigenomes/Duck/allele-specific_imbalance/duck_epi_asi/C-Airsac-H3K27AC-PK29_AS_significant_final.txt,
116,CUT&TAG,PK29-QN-H3K27ME3,C-Airsac-H3K27ME3-PK29,Airsac,/path/to/data/Epigenomes/Duck/allele-specific_imbalance/duck_epi_asi/C-Airsac-H3K27ME3-PK29_AS_significant_final.txt,
117,CUT&TAG,PK32-QN-H3K4ME3,C-Airsac-H3K4ME3-PK32,Airsac,/path/to/data/Epigenomes/Duck/allele-specific_imbalance/duck_epi_asi/C-Airsac-H3K4ME3-PK32_AS_significant_final.txt,
118,CUT&TAG,PK32-QN-H3K4ME1,C-Airsac-H3K4ME1-PK32,Airsac,/path/to/data/Epigenomes/Duck/allele-specific_imbalance/duck_epi_asi/C-Airsac-H3K4ME1-PK32_AS_significant_final.txt,
119,CUT&TAG,PK32-QN-H3K27AC,C-Airsac-H3K27AC-PK32,Airsac,/path/to/data/Epigenomes/Duck/allele-specific_imbalance/duck_epi_asi/C-Airsac-H3K27AC-PK32_AS_significant_final.txt,
120,CUT&TAG,PK32-QN-H3K27ME3,C-Airsac-H3K27ME3-PK32,Airsac,/path/to/data/Epigenomes/Duck/allele-specific_imbalance/duck_epi_asi/C-Airsac-H3K27ME3-PK32_AS_significant_final.txt,
121,CUT&TAG,H3K4me3-lung-PK29-1,C-Lung-H3K4ME3-PK29,Lung,/path/to/data/Epigenomes/Duck/allele-specific_imbalance/duck_epi_asi/C-Lung-H3K4ME3-PK29_AS_significant_final.txt,
122,CUT&TAG,H3K4me1-lung-PK29-1,C-Lung-H3K4ME1-PK29,Lung,/path/to/data/Epigenomes/Duck/allele-specific_imbalance/duck_epi_asi/C-Lung-H3K4ME1-PK29_AS_significant_final.txt,
123,CUT&TAG,H3K27ac-lung-PK29-1,C-Lung-H3K27AC-PK29,Lung,/path/to/data/Epigenomes/Duck/allele-specific_imbalance/duck_epi_asi/C-Lung-H3K27AC-PK29_AS_significant_final.txt,
124,CUT&TAG,H3K27me3-lung-PK29-1,C-Lung-H3K27ME3-PK29,Lung,/path/to/data/Epigenomes/Duck/allele-specific_imbalance/duck_epi_asi/C-Lung-H3K27ME3-PK29_AS_significant_final.txt,
125,CUT&TAG,PK32-F-H3K4ME3,C-Lung-H3K4ME3-PK32,Lung,/path/to/data/Epigenomes/Duck/allele-specific_imbalance/duck_epi_asi/C-Lung-H3K4ME3-PK32_AS_significant_final.txt,
126,CUT&TAG,PK32-F-H3K4ME1,C-Lung-H3K4ME1-PK32,Lung,/path/to/data/Epigenomes/Duck/allele-specific_imbalance/duck_epi_asi/C-Lung-H3K4ME1-PK32_AS_significant_final.txt,
127,CUT&TAG,PK32-F-H3K27AC,C-Lung-H3K27AC-PK32,Lung,/path/to/data/Epigenomes/Duck/allele-specific_imbalance/duck_epi_asi/C-Lung-H3K27AC-PK32_AS_significant_final.txt,
128,CUT&TAG,PK32-F-H3K27ME3,C-Lung-H3K27ME3-PK32,Lung,/path/to/data/Epigenomes/Duck/allele-specific_imbalance/duck_epi_asi/C-Lung-H3K27ME3-PK32_AS_significant_final.txt,
129,CUT&TAG,H3K4me3-spleen-PK29-1,C-Spleen-H3K4ME3-PK29,Spleen,/path/to/data/Epigenomes/Duck/allele-specific_imbalance/duck_epi_asi/C-Spleen-H3K4ME3-PK29_AS_significant_final.txt,
130,CUT&TAG,H3K4me1-spleen-PK29-1,C-Spleen-H3K4ME1-PK29,Spleen,/path/to/data/Epigenomes/Duck/allele-specific_imbalance/duck_epi_asi/C-Spleen-H3K4ME1-PK29_AS_significant_final.txt,
131,CUT&TAG,H3K27ac-spleen-PK29-1,C-Spleen-H3K27AC-PK29,Spleen,/path/to/data/Epigenomes/Duck/allele-specific_imbalance/duck_epi_asi/C-Spleen-H3K27AC-PK29_AS_significant_final.txt,
132,CUT&TAG,H3K27me3-spleen-PK29-1,C-Spleen-H3K27ME3-PK29,Spleen,/path/to/data/Epigenomes/Duck/allele-specific_imbalance/duck_epi_asi/C-Spleen-H3K27ME3-PK29_AS_significant_final.txt,
133,CUT&TAG,PK32-PZa-H3K4ME3,C-Spleen-H3K4ME3-PK32,Spleen,/path/to/data/Epigenomes/Duck/allele-specific_imbalance/duck_epi_asi/C-Spleen-H3K4ME3-PK32_AS_significant_final.txt,
134,CUT&TAG,PK32-PZa-H3K4ME1,C-Spleen-H3K4ME1-PK32,Spleen,/path/to/data/Epigenomes/Duck/allele-specific_imbalance/duck_epi_asi/C-Spleen-H3K4ME1-PK32_AS_significant_final.txt,
135,CUT&TAG,PK32-PZa-H3K27AC,C-Spleen-H3K27AC-PK32,Spleen,/path/to/data/Epigenomes/Duck/allele-specific_imbalance/duck_epi_asi/C-Spleen-H3K27AC-PK32_AS_significant_final.txt,
136,CUT&TAG,PK32-PZa-H3K27ME3,C-Spleen-H3K27ME3-PK32,Spleen,/path/to/data/Epigenomes/Duck/allele-specific_imbalance/duck_epi_asi/C-Spleen-H3K27ME3-PK32_AS_significant_final.txt,
137,CUT&TAG,PK29-XX-H3K4ME3,C-Thymus-H3K4ME3-PK29,Thymus,/path/to/data/Epigenomes/Duck/allele-specific_imbalance/duck_epi_asi/C-Thymus-H3K4ME3-PK29_AS_significant_final.txt,
138,CUT&TAG,PK29-XX-H3K4ME1,C-Thymus-H3K4ME1-PK29,Thymus,/path/to/data/Epigenomes/Duck/allele-specific_imbalance/duck_epi_asi/C-Thymus-H3K4ME1-PK29_AS_significant_final.txt,
139,CUT&TAG,PK29-XX-H3K27AC,C-Thymus-H3K27AC-PK29,Thymus,/path/to/data/Epigenomes/Duck/allele-specific_imbalance/duck_epi_asi/C-Thymus-H3K27AC-PK29_AS_significant_final.txt,
140,CUT&TAG,PK29-XX-H3K27ME3,C-Thymus-H3K27ME3-PK29,Thymus,/path/to/data/Epigenomes/Duck/allele-specific_imbalance/duck_epi_asi/C-Thymus-H3K27ME3-PK29_AS_significant_final.txt,
141,CUT&TAG,PK32-XX-H3K4ME3,C-Thymus-H3K4ME3-PK32,Thymus,/path/to/data/Epigenomes/Duck/allele-specific_imbalance/duck_epi_asi/C-Thymus-H3K4ME3-PK32_AS_significant_final.txt,
142,CUT&TAG,PK32-XX-H3K4ME1,C-Thymus-H3K4ME1-PK32,Thymus,/path/to/data/Epigenomes/Duck/allele-specific_imbalance/duck_epi_asi/C-Thymus-H3K4ME1-PK32_AS_significant_final.txt,
143,CUT&TAG,PK32-XX-H3K27AC,C-Thymus-H3K27AC-PK32,Thymus,/path/to/data/Epigenomes/Duck/allele-specific_imbalance/duck_epi_asi/C-Thymus-H3K27AC-PK32_AS_significant_final.txt,
144,CUT&TAG,PK32-XX-H3K27ME3,C-Thymus-H3K27ME3-PK32,Thymus,/path/to/data/Epigenomes/Duck/allele-specific_imbalance/duck_epi_asi/C-Thymus-H3K27ME3-PK32_AS_significant_final.txt,
145,CUT&TAG,H3K4me3-bursa-fabricius-PK29-1,C-Bursa-H3K4ME3-PK29,Bursa,/path/to/data/Epigenomes/Duck/allele-specific_imbalance/duck_epi_asi/C-Bursa-H3K4ME3-PK29_AS_significant_final.txt,
146,CUT&TAG,H3K4me1-bursa-fabricius-PK29-1,C-Bursa-H3K4ME1-PK29,Bursa,/path/to/data/Epigenomes/Duck/allele-specific_imbalance/duck_epi_asi/C-Bursa-H3K4ME1-PK29_AS_significant_final.txt,
147,CUT&TAG,H3K27ac-bursa-fabricius-PK29-1,C-Bursa-H3K27AC-PK29,Bursa,/path/to/data/Epigenomes/Duck/allele-specific_imbalance/duck_epi_asi/C-Bursa-H3K27AC-PK29_AS_significant_final.txt,
148,CUT&TAG,H3K27me3-bursa-fabricius-PK29-1,C-Bursa-H3K27ME3-PK29,Bursa,/path/to/data/Epigenomes/Duck/allele-specific_imbalance/duck_epi_asi/C-Bursa-H3K27ME3-PK29_AS_significant_final.txt,
149,CUT&TAG,PK32-FSN-H3K4ME3,C-Bursa-H3K4ME3-PK32,Bursa,/path/to/data/Epigenomes/Duck/allele-specific_imbalance/duck_epi_asi/C-Bursa-H3K4ME3-PK32_AS_significant_final.txt,
150,CUT&TAG,PK32-FSN-H3K4ME1,C-Bursa-H3K4ME1-PK32,Bursa,/path/to/data/Epigenomes/Duck/allele-specific_imbalance/duck_epi_asi/C-Bursa-H3K4ME1-PK32_AS_significant_final.txt,
151,CUT&TAG,PK32-FSN-H3K27AC,C-Bursa-H3K27AC-PK32,Bursa,/path/to/data/Epigenomes/Duck/allele-specific_imbalance/duck_epi_asi/C-Bursa-H3K27AC-PK32_AS_significant_final.txt,
152,CUT&TAG,PK32-FSN-H3K27ME3,C-Bursa-H3K27ME3-PK32,Bursa,/path/to/data/Epigenomes/Duck/allele-specific_imbalance/duck_epi_asi/C-Bursa-H3K27ME3-PK32_AS_significant_final.txt,
153,CUT&TAG,ZF35-LC-H3K4ME3,C-Ovary-H3K4ME3-ZF35,Ovary,/path/to/data/Epigenomes/Duck/allele-specific_imbalance/duck_epi_asi/C-Ovary-H3K4ME3-ZF35_AS_significant_final.txt,
154,CUT&TAG,ZF35-LC-H3K4ME1,C-Ovary-H3K4ME1-ZF35,Ovary,/path/to/data/Epigenomes/Duck/allele-specific_imbalance/duck_epi_asi/C-Ovary-H3K4ME1-ZF35_AS_significant_final.txt,
155,CUT&TAG,ZF35-LC-H3K27AC,C-Ovary-H3K27AC-ZF35,Ovary,/path/to/data/Epigenomes/Duck/allele-specific_imbalance/duck_epi_asi/C-Ovary-H3K27AC-ZF35_AS_significant_final.txt,
156,CUT&TAG,ZF35-LC-H3K27ME3,C-Ovary-H3K27ME3-ZF35,Ovary,/path/to/data/Epigenomes/Duck/allele-specific_imbalance/duck_epi_asi/C-Ovary-H3K27ME3-ZF35_AS_significant_final.txt,
157,CUT&TAG,ZF36-LC-H3K4ME3,C-Ovary-H3K4ME3-ZF36,Ovary,/path/to/data/Epigenomes/Duck/allele-specific_imbalance/duck_epi_asi/C-Ovary-H3K4ME3-ZF36_AS_significant_final.txt,
158,CUT&TAG,ZF36-LC-H3K4ME1,C-Ovary-H3K4ME1-ZF36,Ovary,/path/to/data/Epigenomes/Duck/allele-specific_imbalance/duck_epi_asi/C-Ovary-H3K4ME1-ZF36_AS_significant_final.txt,
159,CUT&TAG,ZF36-LC-H3K27AC,C-Ovary-H3K27AC-ZF36,Ovary,/path/to/data/Epigenomes/Duck/allele-specific_imbalance/duck_epi_asi/C-Ovary-H3K27AC-ZF36_AS_significant_final.txt,
160,CUT&TAG,ZF36-LC--H3K27ME3,C-Ovary-H3K27ME3-ZF36,Ovary,/path/to/data/Epigenomes/Duck/allele-specific_imbalance/duck_epi_asi/C-Ovary-H3K27ME3-ZF36_AS_significant_final.txt,
161,CUT&TAG,ZF35-PD-H3K4ME3,C-Magnum-H3K4ME3-ZF35,Magnum,/path/to/data/Epigenomes/Duck/allele-specific_imbalance/duck_epi_asi/C-Magnum-H3K4ME3-ZF35_AS_significant_final.txt,
162,CUT&TAG,ZF35-PD-H3K4ME1,C-Magnum-H3K4ME1-ZF35,Magnum,/path/to/data/Epigenomes/Duck/allele-specific_imbalance/duck_epi_asi/C-Magnum-H3K4ME1-ZF35_AS_significant_final.txt,
163,CUT&TAG,ZF35-PD-H3K27AC,C-Magnum-H3K27AC-ZF35,Magnum,/path/to/data/Epigenomes/Duck/allele-specific_imbalance/duck_epi_asi/C-Magnum-H3K27AC-ZF35_AS_significant_final.txt,
164,CUT&TAG,ZF35-PD-H3K27ME3,C-Magnum-H3K27ME3-ZF35,Magnum,/path/to/data/Epigenomes/Duck/allele-specific_imbalance/duck_epi_asi/C-Magnum-H3K27ME3-ZF35_AS_significant_final.txt,
165,CUT&TAG,ZF36-PD-H3K4ME3,C-Magnum-H3K4ME3-ZF36,Magnum,/path/to/data/Epigenomes/Duck/allele-specific_imbalance/duck_epi_asi/C-Magnum-H3K4ME3-ZF36_AS_significant_final.txt,
166,CUT&TAG,ZF36-PD-H3K4ME1,C-Magnum-H3K4ME1-ZF36,Magnum,/path/to/data/Epigenomes/Duck/allele-specific_imbalance/duck_epi_asi/C-Magnum-H3K4ME1-ZF36_AS_significant_final.txt,
167,CUT&TAG,ZF36-PD-H3K27AC,C-Magnum-H3K27AC-ZF36,Magnum,/path/to/data/Epigenomes/Duck/allele-specific_imbalance/duck_epi_asi/C-Magnum-H3K27AC-ZF36_AS_significant_final.txt,
168,CUT&TAG,ZF36-PD--H3K27ME3,C-Magnum-H3K27ME3-ZF36,Magnum,/path/to/data/Epigenomes/Duck/allele-specific_imbalance/duck_epi_asi/C-Magnum-H3K27ME3-ZF36_AS_significant_final.txt,
169,CUT&TAG,ZF35-ZG-H3K4ME3,C-Uterus-H3K4ME3-ZF35,Uterus,/path/to/data/Epigenomes/Duck/allele-specific_imbalance/duck_epi_asi/C-Uterus-H3K4ME3-ZF35_AS_significant_final.txt,
170,CUT&TAG,ZF35-ZG-H3K4ME1,C-Uterus-H3K4ME1-ZF35,Uterus,/path/to/data/Epigenomes/Duck/allele-specific_imbalance/duck_epi_asi/C-Uterus-H3K4ME1-ZF35_AS_significant_final.txt,
171,CUT&TAG,ZF35-ZG-H3K27AC,C-Uterus-H3K27AC-ZF35,Uterus,/path/to/data/Epigenomes/Duck/allele-specific_imbalance/duck_epi_asi/C-Uterus-H3K27AC-ZF35_AS_significant_final.txt,
172,CUT&TAG,ZF35-ZG-H3K27ME3,C-Uterus-H3K27ME3-ZF35,Uterus,/path/to/data/Epigenomes/Duck/allele-specific_imbalance/duck_epi_asi/C-Uterus-H3K27ME3-ZF35_AS_significant_final.txt,
173,CUT&TAG,ZF36-ZG-H3K4ME3,C-Uterus-H3K4ME3-ZF36,Uterus,/path/to/data/Epigenomes/Duck/allele-specific_imbalance/duck_epi_asi/C-Uterus-H3K4ME3-ZF36_AS_significant_final.txt,
174,CUT&TAG,ZF36-ZG-H3K4ME1,C-Uterus-H3K4ME1-ZF36,Uterus,/path/to/data/Epigenomes/Duck/allele-specific_imbalance/duck_epi_asi/C-Uterus-H3K4ME1-ZF36_AS_significant_final.txt,
175,CUT&TAG,ZF36-ZG-H3K27AC,C-Uterus-H3K27AC-ZF36,Uterus,/path/to/data/Epigenomes/Duck/allele-specific_imbalance/duck_epi_asi/C-Uterus-H3K27AC-ZF36_AS_significant_final.txt,
176,CUT&TAG,ZF36-ZG--H3K27ME3,C-Uterus-H3K27ME3-ZF36,Uterus,/path/to/data/Epigenomes/Duck/allele-specific_imbalance/duck_epi_asi/C-Uterus-H3K27ME3-ZF36_AS_significant_final.txt,
177,CUT&TAG,ZF31-GW-H3K4ME3,C-Testis-H3K4ME3-ZF31,Testis,/path/to/data/Epigenomes/Duck/allele-specific_imbalance/duck_epi_asi/C-Testis-H3K4ME3-ZF31_AS_significant_final.txt,
178,CUT&TAG,ZF31-GW-H3K4ME1,C-Testis-H3K4ME1-ZF31,Testis,/path/to/data/Epigenomes/Duck/allele-specific_imbalance/duck_epi_asi/C-Testis-H3K4ME1-ZF31_AS_significant_final.txt,
179,CUT&TAG,ZF31-GW-H3K27AC,C-Testis-H3K27AC-ZF31,Testis,/path/to/data/Epigenomes/Duck/allele-specific_imbalance/duck_epi_asi/C-Testis-H3K27AC-ZF31_AS_significant_final.txt,
180,CUT&TAG,ZF31-GW-H3K27ME3,C-Testis-H3K27ME3-ZF31,Testis,/path/to/data/Epigenomes/Duck/allele-specific_imbalance/duck_epi_asi/C-Testis-H3K27ME3-ZF31_AS_significant_final.txt,
181,CUT&TAG,ZF32-GW-H3K4ME3,C-Testis-H3K4ME3-ZF32,Testis,/path/to/data/Epigenomes/Duck/allele-specific_imbalance/duck_epi_asi/C-Testis-H3K4ME3-ZF32_AS_significant_final.txt,
182,CUT&TAG,ZF32-GW-H3K4ME1,C-Testis-H3K4ME1-ZF32,Testis,/path/to/data/Epigenomes/Duck/allele-specific_imbalance/duck_epi_asi/C-Testis-H3K4ME1-ZF32_AS_significant_final.txt,
183,CUT&TAG,ZF32-GW-H3K27AC,C-Testis-H3K27AC-ZF32,Testis,/path/to/data/Epigenomes/Duck/allele-specific_imbalance/duck_epi_asi/C-Testis-H3K27AC-ZF32_AS_significant_final.txt,
184,CUT&TAG,ZF32-GW-H3K27ME3,C-Testis-H3K27ME3-ZF32,Testis,/path/to/data/Epigenomes/Duck/allele-specific_imbalance/duck_epi_asi/C-Testis-H3K27ME3-ZF32_AS_significant_final.txt,
185,CUT&TAG,PK29-XZ-H3K4ME3-2,C-Heart-H3K4ME3-PK29,Heart,/path/to/data/Epigenomes/Duck/allele-specific_imbalance/duck_epi_asi/C-Heart-H3K4ME3-PK29_AS_significant_final.txt,
186,CUT&TAG,PK29-XZ-H3K4ME1-2,C-Heart-H3K4ME1-PK29,Heart,/path/to/data/Epigenomes/Duck/allele-specific_imbalance/duck_epi_asi/C-Heart-H3K4ME1-PK29_AS_significant_final.txt,
187,CUT&TAG,PK29-XZ-H3K27AC-2,C-Heart-H3K27AC-PK29,Heart,/path/to/data/Epigenomes/Duck/allele-specific_imbalance/duck_epi_asi/C-Heart-H3K27AC-PK29_AS_significant_final.txt,
188,CUT&TAG,PK29-XZ--H3K27ME3-2,C-Heart-H3K27ME3-PK29,Heart,/path/to/data/Epigenomes/Duck/allele-specific_imbalance/duck_epi_asi/C-Heart-H3K27ME3-PK29_AS_significant_final.txt,
189,CUT&TAG,PK32-XZ-H3K4ME3,C-Heart-H3K4ME3-PK32,Heart,/path/to/data/Epigenomes/Duck/allele-specific_imbalance/duck_epi_asi/C-Heart-H3K4ME3-PK32_AS_significant_final.txt,
190,CUT&TAG,PK32-XZ-H3K4ME1,C-Heart-H3K4ME1-PK32,Heart,/path/to/data/Epigenomes/Duck/allele-specific_imbalance/duck_epi_asi/C-Heart-H3K4ME1-PK32_AS_significant_final.txt,
191,CUT&TAG,PK32-XZ-H3K27AC,C-Heart-H3K27AC-PK32,Heart,/path/to/data/Epigenomes/Duck/allele-specific_imbalance/duck_epi_asi/C-Heart-H3K27AC-PK32_AS_significant_final.txt,
192,CUT&TAG,PK32-XZ-H3K27ME3,C-Heart-H3K27ME3-PK32,Heart,/path/to/data/Epigenomes/Duck/allele-specific_imbalance/duck_epi_asi/C-Heart-H3K27ME3-PK32_AS_significant_final.txt,
193,CUT&TAG,H3K4me3-kidney-PK29-1,C-Kidney-H3K4ME3-PK29,Kidney,/path/to/data/Epigenomes/Duck/allele-specific_imbalance/duck_epi_asi/C-Kidney-H3K4ME3-PK29_AS_significant_final.txt,
194,CUT&TAG,H3K4me1-kidney-PK29-1,C-Kidney-H3K4ME1-PK29,Kidney,/path/to/data/Epigenomes/Duck/allele-specific_imbalance/duck_epi_asi/C-Kidney-H3K4ME1-PK29_AS_significant_final.txt,
195,CUT&TAG,H3K27ac-kidney-PK29-1,C-Kidney-H3K27AC-PK29,Kidney,/path/to/data/Epigenomes/Duck/allele-specific_imbalance/duck_epi_asi/C-Kidney-H3K27AC-PK29_AS_significant_final.txt,
196,CUT&TAG,H3K27me3-kidney-PK29-1,C-Kidney-H3K27ME3-PK29,Kidney,/path/to/data/Epigenomes/Duck/allele-specific_imbalance/duck_epi_asi/C-Kidney-H3K27ME3-PK29_AS_significant_final.txt,
197,CUT&TAG,PK32-SZ-H3K4ME3,C-Kidney-H3K4ME3-PK32,Kidney,/path/to/data/Epigenomes/Duck/allele-specific_imbalance/duck_epi_asi/C-Kidney-H3K4ME3-PK32_AS_significant_final.txt,
198,CUT&TAG,PK32-SZ-H3K4ME1,C-Kidney-H3K4ME1-PK32,Kidney,/path/to/data/Epigenomes/Duck/allele-specific_imbalance/duck_epi_asi/C-Kidney-H3K4ME1-PK32_AS_significant_final.txt,
199,CUT&TAG,PK32-SZ-H3K27AC,C-Kidney-H3K27AC-PK32,Kidney,/path/to/data/Epigenomes/Duck/allele-specific_imbalance/duck_epi_asi/C-Kidney-H3K27AC-PK32_AS_significant_final.txt,
200,CUT&TAG,PK32-SZ-H3K27ME3,C-Kidney-H3K27ME3-PK32,Kidney,/path/to/data/Epigenomes/Duck/allele-specific_imbalance/duck_epi_asi/C-Kidney-H3K27ME3-PK32_AS_significant_final.txt,
201,CUT&TAG,C1-H3K4ME3-GZ,C-Liver-H3K4ME3-C1,Liver,/path/to/data/Epigenomes/Duck/allele-specific_imbalance/duck_epi_asi/C-Liver-H3K4ME3-C1_AS_significant_final.txt,
202,CUT&TAG,C2-H3K4ME1-GZ,C-Liver-H3K4ME1-C2,Liver,/path/to/data/Epigenomes/Duck/allele-specific_imbalance/duck_epi_asi/C-Liver-H3K4ME1-C2_AS_significant_final.txt,
203,CUT&TAG,H3K27ac-liver-B1,C-Liver-H3K27AC-B1,Liver,/path/to/data/Epigenomes/Duck/allele-specific_imbalance/duck_epi_asi/C-Liver-H3K27AC-B1_AS_significant_final.txt,
204,CUT&TAG,C4-H3K27ME3-GZ,C-Liver-H3K27ME3-C4,Liver,/path/to/data/Epigenomes/Duck/allele-specific_imbalance/duck_epi_asi/C-Liver-H3K27ME3-C4_AS_significant_final.txt,
205,CUT&TAG,PK32-GZ-H3K4ME3,C-Liver-H3K4ME3-PK32,Liver,/path/to/data/Epigenomes/Duck/allele-specific_imbalance/duck_epi_asi/C-Liver-H3K4ME3-PK32_AS_significant_final.txt,
206,CUT&TAG,PK32-GZ-H3K4ME1,C-Liver-H3K4ME1-PK32,Liver,/path/to/data/Epigenomes/Duck/allele-specific_imbalance/duck_epi_asi/C-Liver-H3K4ME1-PK32_AS_significant_final.txt,
207,CUT&TAG,PK32-GZ-H3K27AC,C-Liver-H3K27AC-PK32,Liver,/path/to/data/Epigenomes/Duck/allele-specific_imbalance/duck_epi_asi/C-Liver-H3K27AC-PK32_AS_significant_final.txt,
208,CUT&TAG,PK32-GZ-H3K27ME3,C-Liver-H3K27ME3-PK32,Liver,/path/to/data/Epigenomes/Duck/allele-specific_imbalance/duck_epi_asi/C-Liver-H3K27ME3-PK32_AS_significant_final.txt,
209,CUT&TAG,PK2-YX-H3K4ME3,C-Pancreas-H3K4ME3-PK2,Pancreas,/path/to/data/Epigenomes/Duck/allele-specific_imbalance/duck_epi_asi/C-Pancreas-H3K4ME3-PK2_AS_significant_final.txt,
210,CUT&TAG,PK2-YX-H3K4ME1,C-Pancreas-H3K4ME1-PK2,Pancreas,/path/to/data/Epigenomes/Duck/allele-specific_imbalance/duck_epi_asi/C-Pancreas-H3K4ME1-PK2_AS_significant_final.txt,
211,CUT&TAG,PK2-YX-H3K27AC,C-Pancreas-H3K27AC-PK2,Pancreas,/path/to/data/Epigenomes/Duck/allele-specific_imbalance/duck_epi_asi/C-Pancreas-H3K27AC-PK2_AS_significant_final.txt,
212,CUT&TAG,PK2-YX-H3K27ME3,C-Pancreas-H3K27ME3-PK2,Pancreas,/path/to/data/Epigenomes/Duck/allele-specific_imbalance/duck_epi_asi/C-Pancreas-H3K27ME3-PK2_AS_significant_final.txt,
213,CUT&TAG,PK32-YX-H3K4ME3,C-Pancreas-H3K4ME3-PK32,Pancreas,/path/to/data/Epigenomes/Duck/allele-specific_imbalance/duck_epi_asi/C-Pancreas-H3K4ME3-PK32_AS_significant_final.txt,
214,CUT&TAG,PK32-YX-H3K4ME1,C-Pancreas-H3K4ME1-PK32,Pancreas,/path/to/data/Epigenomes/Duck/allele-specific_imbalance/duck_epi_asi/C-Pancreas-H3K4ME1-PK32_AS_significant_final.txt,
215,CUT&TAG,PK32-YX-H3K27AC,C-Pancreas-H3K27AC-PK32,Pancreas,/path/to/data/Epigenomes/Duck/allele-specific_imbalance/duck_epi_asi/C-Pancreas-H3K27AC-PK32_AS_significant_final.txt,
216,CUT&TAG,PK32-YX-H3K27ME3,C-Pancreas-H3K27ME3-PK32,Pancreas,/path/to/data/Epigenomes/Duck/allele-specific_imbalance/duck_epi_asi/C-Pancreas-H3K27ME3-PK32_AS_significant_final.txt,
217,CUT&TAG,PK29-JW-H3K4ME3,C-Gizzard-H3K4ME3-PK29,Gizzard,/path/to/data/Epigenomes/Duck/allele-specific_imbalance/duck_epi_asi/C-Gizzard-H3K4ME3-PK29_AS_significant_final.txt,
218,CUT&TAG,PK29-JW-H3K4ME1,C-Gizzard-H3K4ME1-PK29,Gizzard,/path/to/data/Epigenomes/Duck/allele-specific_imbalance/duck_epi_asi/C-Gizzard-H3K4ME1-PK29_AS_significant_final.txt,
219,CUT&TAG,PK29-JW-H3K27AC,C-Gizzard-H3K27AC-PK29,Gizzard,/path/to/data/Epigenomes/Duck/allele-specific_imbalance/duck_epi_asi/C-Gizzard-H3K27AC-PK29_AS_significant_final.txt,
220,CUT&TAG,PK29-JW-H3K27ME3,C-Gizzard-H3K27ME3-PK29,Gizzard,/path/to/data/Epigenomes/Duck/allele-specific_imbalance/duck_epi_asi/C-Gizzard-H3K27ME3-PK29_AS_significant_final.txt,
221,CUT&TAG,PK32-JW-H3K4ME3,C-Gizzard-H3K4ME3-PK32,Gizzard,/path/to/data/Epigenomes/Duck/allele-specific_imbalance/duck_epi_asi/C-Gizzard-H3K4ME3-PK32_AS_significant_final.txt,
222,CUT&TAG,PK32-JW-H3K4ME1,C-Gizzard-H3K4ME1-PK32,Gizzard,/path/to/data/Epigenomes/Duck/allele-specific_imbalance/duck_epi_asi/C-Gizzard-H3K4ME1-PK32_AS_significant_final.txt,
223,CUT&TAG,PK32-JW-H3K27AC,C-Gizzard-H3K27AC-PK32,Gizzard,/path/to/data/Epigenomes/Duck/allele-specific_imbalance/duck_epi_asi/C-Gizzard-H3K27AC-PK32_AS_significant_final.txt,
224,CUT&TAG,PK32-JW-H3K27ME3,C-Gizzard-H3K27ME3-PK32,Gizzard,/path/to/data/Epigenomes/Duck/allele-specific_imbalance/duck_epi_asi/C-Gizzard-H3K27ME3-PK32_AS_significant_final.txt,
225,CUT&TAG,PK29-KC-H3K4ME3,C-Jejunum-H3K4ME3-PK29,Jejunum,/path/to/data/Epigenomes/Duck/allele-specific_imbalance/duck_epi_asi/C-Jejunum-H3K4ME3-PK29_AS_significant_final.txt,
226,CUT&TAG,PK29-KC-H3K4ME1,C-Jejunum-H3K4ME1-PK29,Jejunum,/path/to/data/Epigenomes/Duck/allele-specific_imbalance/duck_epi_asi/C-Jejunum-H3K4ME1-PK29_AS_significant_final.txt,
227,CUT&TAG,PK29-KC-H3K27AC,C-Jejunum-H3K27AC-PK29,Jejunum,/path/to/data/Epigenomes/Duck/allele-specific_imbalance/duck_epi_asi/C-Jejunum-H3K27AC-PK29_AS_significant_final.txt,
228,CUT&TAG,PK29-KC-H3K27ME3,C-Jejunum-H3K27ME3-PK29,Jejunum,/path/to/data/Epigenomes/Duck/allele-specific_imbalance/duck_epi_asi/C-Jejunum-H3K27ME3-PK29_AS_significant_final.txt,
229,CUT&TAG,PK32-KC-H3K4ME3,C-Jejunum-H3K4ME3-PK32,Jejunum,/path/to/data/Epigenomes/Duck/allele-specific_imbalance/duck_epi_asi/C-Jejunum-H3K4ME3-PK32_AS_significant_final.txt,
230,CUT&TAG,PK32-KC-H3K4ME1,C-Jejunum-H3K4ME1-PK32,Jejunum,/path/to/data/Epigenomes/Duck/allele-specific_imbalance/duck_epi_asi/C-Jejunum-H3K4ME1-PK32_AS_significant_final.txt,
231,CUT&TAG,PK32-KC-H3K27AC,C-Jejunum-H3K27AC-PK32,Jejunum,/path/to/data/Epigenomes/Duck/allele-specific_imbalance/duck_epi_asi/C-Jejunum-H3K27AC-PK32_AS_significant_final.txt,
232,CUT&TAG,PK32-KC-H3K27ME3,C-Jejunum-H3K27ME3-PK32,Jejunum,/path/to/data/Epigenomes/Duck/allele-specific_imbalance/duck_epi_asi/C-Jejunum-H3K27ME3-PK32_AS_significant_final.txt,
233,CUT&TAG,PK2-MC-H3K4ME3,C-Cecum-H3K4ME3-PK2,Cecum,/path/to/data/Epigenomes/Duck/allele-specific_imbalance/duck_epi_asi/C-Cecum-H3K4ME3-PK2_AS_significant_final.txt,
234,CUT&TAG,PK2-MC-H3K4ME1,C-Cecum-H3K4ME1-PK2,Cecum,/path/to/data/Epigenomes/Duck/allele-specific_imbalance/duck_epi_asi/C-Cecum-H3K4ME1-PK2_AS_significant_final.txt,
235,CUT&TAG,PK2-MC-H3K27AC,C-Cecum-H3K27AC-PK2,Cecum,/path/to/data/Epigenomes/Duck/allele-specific_imbalance/duck_epi_asi/C-Cecum-H3K27AC-PK2_AS_significant_final.txt,
236,CUT&TAG,PK2-MC-H3K27ME3,C-Cecum-H3K27ME3-PK2,Cecum,/path/to/data/Epigenomes/Duck/allele-specific_imbalance/duck_epi_asi/C-Cecum-H3K27ME3-PK2_AS_significant_final.txt,
237,CUT&TAG,PK32-MC-H3K4ME3,C-Cecum-H3K4ME3-PK32,Cecum,/path/to/data/Epigenomes/Duck/allele-specific_imbalance/duck_epi_asi/C-Cecum-H3K4ME3-PK32_AS_significant_final.txt,
238,CUT&TAG,PK32-MC-H3K4ME1,C-Cecum-H3K4ME1-PK32,Cecum,/path/to/data/Epigenomes/Duck/allele-specific_imbalance/duck_epi_asi/C-Cecum-H3K4ME1-PK32_AS_significant_final.txt,
239,CUT&TAG,PK32-MC-H3K27AC,C-Cecum-H3K27AC-PK32,Cecum,/path/to/data/Epigenomes/Duck/allele-specific_imbalance/duck_epi_asi/C-Cecum-H3K27AC-PK32_AS_significant_final.txt,
240,CUT&TAG,PK32-MC-H3K27ME3,C-Cecum-H3K27ME3-PK32,Cecum,/path/to/data/Epigenomes/Duck/allele-specific_imbalance/duck_epi_asi/C-Cecum-H3K27ME3-PK32_AS_significant_final.txt,
